시군명,사업장명,소재지우편번호,소재지도로명주소,소재지지번주소,인허가일자,영업상태명,폐업일자,다중이용업소여부,총시설규모(㎡),위생업종명,위생업태명,WGS84위도,WGS84경도,구명,읍면동명,리계,나머지주소,도명
고양시,퍼플주니어키즈카페 향동점,412-180,"경기도 고양시 덕양구 꽃마을로 64, DMC스타허브플러스 5층 506(일부),507호 (향동동)",경기도 고양시 덕양구 향동동 523 DMC스타허브플러스 ,2023-06-16,영업,,N,79.76,,키즈카페,37.6005441979,126.8934193107,덕양구,향동동,,523 DMC스타허브플러스,경기도
고양시,아이킹,412-743,"경기도 고양시 덕양구 화신로272번길 58, 영프라자빌딩 603(일부),604(일부)호 (화정동)","경기도 고양시 덕양구 화정동 972 영프라자빌딩 603,4호",2024-02-23,영업,,N,68.42,,키즈카페,37.6336616181,126.8321077585,덕양구,화정동,,"972 영프라자빌딩 603,4호",경기도
고양시,허니버디,412-040,"경기도 고양시 덕양구 원흥3로 16, KB중앙타워 306호 (원흥동)",경기도 고양시 덕양구 원흥동 631 KB중앙타워 ,2024-01-12,영업,,Y,114.78,,키즈카페,37.6492364441,126.8748406827,덕양구,원흥동,,631 KB중앙타워,경기도
고양시,쁘띠몽드 DMC향동점,412-180,"경기도 고양시 덕양구 향기로 119, Urban place 9층 901(일부)호 (향동동)",경기도 고양시 덕양구 향동동 525 Urban place ,2023-03-24,영업,,Y,250.0,,키즈카페,37.6003849317,126.8939983576,덕양구,향동동,,525 Urban place,경기도
고양시,와글아이일산차움라이프센터,410837,"경기도 고양시 일산동구 중앙로 1205, 차움 라이프센터 B101(일부)호 (장항동)",경기도 고양시 일산동구 장항동 889,20200922,영업,,Y,193.0,,키즈카페,37.6541226556,126.7757402631,일산동구,장항동,,889,경기도
고양시,Andante 안단테,410330,"경기도 고양시 일산동구 애니골길 97, 고양국제청소년문화센터 글로벌센터동 3층 일부호 (풍동)",경기도 고양시 일산동구 풍동 1399 고양국제청소년문화센터 글로벌센터 3층 일부,20101011,영업,,N,66.98,,키즈카페,37.6767495829,126.7926891892,일산동구,풍동,,1399 고양국제청소년문화센터 글로벌센터 3층 일부,경기도
고양시,잭슨나인스피자,411320,"경기도 고양시 일산서구 일현로 97-11, B106(일부)호 (탄현동, 일산 위브더제니스)","경기도 고양시 일산서구 탄현동 1640 일산 위브더제니스, B106호일부",20181022,영업,,Y,586.0,,키즈카페,37.6934754388,126.7628240942,일산서구,탄현동,,"1640 일산 위브더제니스, B106호일부",경기도
고양시,어울놀이,412070,"경기도 고양시 덕양구 권율대로 893, 6층 606,607호 (신원동, 파스텔시티)","경기도 고양시 덕양구 신원동 620-1번지 파스텔시티 6층 606호,607호",20170331,영업,,Y,347.0,,키즈카페,37.6636733008,126.8898673416,덕양구,신원동,,"620-1번지 파스텔시티 6층 606호,607호",경기도
고양시,키키카페,412070,"경기도 고양시 덕양구 신원로 40-38, 서원프라자 3층 301호 (신원동)",경기도 고양시 덕양구 신원동 624 서원프라자 3층 301호,20170410,폐업,20220203,N,90.4,,키즈카페,37.6642958362,126.8899869662,덕양구,신원동,,624 서원프라자 3층 301호,경기도
고양시,잉킁잉큼,412070,"경기도 고양시 덕양구 통일로493번길 122-27, 1층 (신원동)",경기도 고양시 덕양구 신원동 297-1 1층,20150710,폐업,20201229,N,189.31,,키즈카페,37.6784700726,126.8789274714,덕양구,신원동,,297-1 1층,경기도
고양시,엔젤키즈카페,410831,"경기도 고양시 일산동구 중산로 228, 2층 1호 (중산동, 그린코아빌딩)",경기도 고양시 일산동구 중산동 1571-3번지 그린코아 2층1호,20160226,폐업,20181211,Y,111.97,,키즈카페,37.6923409761,126.7805294885,일산동구,중산동,,1571-3번지 그린코아 2층1호,경기도
고양시,미니특공대 테마파크,411732,"경기도 고양시 일산서구 중앙로 1436, 그랜드백화점일산점 지하 3층 일부호 (주엽동)",경기도 고양시 일산서구 주엽동 22 그랜드백화점일산점 지하3층 일부,20180126,폐업,20201209,N,61.0,,키즈카페,37.6708230588,126.7610298735,일산서구,주엽동,,22 그랜드백화점일산점 지하3층 일부,경기도
고양시,아가야,412827,"경기도 고양시 덕양구 화중로 54 (화정동, 서일빌딩 2층일부)",경기도 고양시 덕양구 화정동 984번지 서일빌딩 2층일부,20120824,폐업,20171109,N,20.0,,키즈카페,37.6319773293,126.8307288414,덕양구,화정동,,984번지 서일빌딩 2층일부,경기도
고양시,키키카페,412070,"경기도 고양시 덕양구 신원로 40-38, 서원프라자 3층 302(일부)호 (신원동)",경기도 고양시 덕양구 신원동 624 서원프라자 3층 302(일부)호,20170410,폐업,20220203,N,40.0,,키즈카페,37.6642958362,126.8899869662,덕양구,신원동,,624 서원프라자 3층 302(일부)호,경기도
고양시,쁘띠몽드일산점,411838,"경기도 고양시 일산서구 주엽로 150, 5층 504 일부호 (주엽동, 자유프라자)",경기도 고양시 일산서구 주엽동 18 자유프라자 504일부호,20171019,폐업,20221007,N,41.25,,키즈카페,37.6719368348,126.7589777549,일산서구,주엽동,,18 자유프라자 504일부호,경기도
고양시,릴리펏,411848,"경기도 고양시 일산서구 중앙로 1406, 306호 (주엽동, 한솔코아)",경기도 고양시 일산서구 주엽동 72-2 한솔코아 306호,20170227,폐업,20220513,Y,217.91,,키즈카페,37.6693807341,126.7638789033,일산서구,주엽동,,72-2 한솔코아 306호,경기도
고양시,플레이톡,412220,"경기도 고양시 덕양구 중앙로 450 (행신동, 명성프라자 701호일부,702호일부)","경기도 고양시 덕양구 행신동 1082-2번지 외1필지 명성프라자 701호일부,702호일부",20121228,폐업,20171020,N,121.97,,키즈카페,37.6184413216,126.8455467841,덕양구,행신동,,"1082-2번지 외1필지 명성프라자 701호일부,702호일부",경기도
고양시,점프노리 성사점,412812,"경기도 고양시 덕양구 호국로 819 (주교동, 3층일부)",경기도 고양시 덕양구 주교동 621-4번지,20150518,폐업,20190620,N,82.49,,키즈카페,37.6588617964,126.8383330175,덕양구,주교동,,621-4번지,경기도
고양시,키즈빌리지큐브,412470,"경기도 고양시 덕양구 통일로 760, 309호일부310호311호일부동 (관산동)","경기도 고양시 덕양구 관산동 1015 더퍼스트프라임309호일부,310호,311호일부",20150907,폐업,20200629,N,489.0,,키즈카페,37.6878475275,126.8660670827,덕양구,관산동,,"1015 더퍼스트프라임309호일부,310호,311호일부",경기도
고양시,테리베리키즈카페,410835,"경기도 고양시 일산동구 강송로 33, 지하1층 일부호 (백석동, 일산요진와이시티 판매문화시설)",경기도 고양시 일산동구 백석동 1237번지 일산요진와이시티 판매문화시설 지하1층 일부호,20170724,폐업,20190619,Y,86.78,,키즈카페,37.6417316619,126.7939507953,일산동구,백석동,,1237번지 일산요진와이시티 판매문화시설 지하1층 일부호,경기도
고양시,모모키즈카페,410835,"경기도 고양시 일산동구 중앙로 1074, 301호 (백석동)",경기도 고양시 일산동구 백석동 1294번지 301호,20160302,폐업,20191018,Y,238.36,,키즈카페,37.6452693385,126.7857105805,일산동구,백석동,,1294번지 301호,경기도
광명시,마미키즈카페,423-858,"경기도 광명시 오리로985번길 7-1, 2층 201호 일부호 (광명동)",경기도 광명시 광명동 158-802 ,2024-08-16,영업,,N,29.1,,키즈카페,37.4787589333,126.8535303859,,광명동,,158-802,경기도
광명시,점프노리광명소하점,423826,"경기도 광명시 오리로 372, 3층 (소하동)",경기도 광명시 소하동 1242-12번지 3층,20160527,폐업,20191205,N,14.56,,키즈카페,37.4355979633,126.8797079458,,소하동,,1242-12번지 3층,경기도
광명시,창의력공장키즈카페,423050,"경기도 광명시 소하로 81, 7층 일부호 (소하동)",경기도 광명시 소하동 1339-1 7층일부호,20191210,폐업,20211227,N,97.62,,키즈카페,37.4476356555,126.884017683,,소하동,,1339-1 7층일부호,경기도
광주시,더리틀즈(The Littles) 경기광주점,464805,"경기도 광주시 고불로 106, 씨엘프라자 3층 (태전동)",경기도 광주시 태전동 281-4 씨엘프라자 3층,20180430,영업,,Y,221.1,,키즈카페,37.3933098968,127.2266589085,,태전동,,281-4 씨엘프라자 3층,경기도
광주시,키즈왕국,464895,"경기도 광주시 오포읍 문형산길 27, 1층",경기도 광주시 오포읍 신현리 362-3번지 1층,20140321,폐업,20191016,N,89.46,,키즈카페,37.360675107,127.162037433,,오포읍,신현리,362-3번지 1층,경기도
광주시,iLAVUE 키즈카페,464807,"경기도 광주시 중앙로 95-5, 성환빌딩2호동 2층 (역동)",경기도 광주시 역동 8-19번지 성환빌딩,20171113,폐업,20180919,N,34.59,,키즈카페,37.4081435203,127.2583569856,,역동,,8-19번지 성환빌딩,경기도
광주시,썸베베,464922,"경기도 광주시 오포읍 능평로30번길 10, 2층",경기도 광주시 오포읍 능평리 458-4 2층,20160518,폐업,20211231,Y,174.98,,키즈카페,37.3546953,127.1639273571,,오포읍,능평리,458-4 2층,경기도
광주시,놀이터,464901,경기도 광주시 파발로 107 (송정동),경기도 광주시 송정동 63-4번지,20120426,폐업,20160629,N,237.33,,키즈카페,37.4135076545,127.2588143732,,송정동,,63-4번지,경기도
구리시,아이와룸,471-828,"경기도 구리시 이문안로 68, 3층 302호 (수택동, 동진프라자)",경기도 구리시 수택동 847-2 동진프라자 302호,2015-10-02,폐업,2023-08-11,Y,314.35,,키즈카페,37.5921398368,127.1386785775,,수택동,,847-2 동진프라자 302호,경기도
구리시,퐁퐁플라워 카페 팁,471712,"경기도 구리시 경춘로 261, 롯데백화점 구리점 8층 (인창동)",경기도 구리시 인창동 677 롯데백화점 구리점 8층,20200701,영업,,N,82.0,,키즈카페,37.6026921337,127.1437935543,,인창동,,677 롯데백화점 구리점 8층,경기도
구리시,오투팡팡,471834,"경기도 구리시 동구릉로 69, 2층 (인창동)",경기도 구리시 인창동 527-32 2층,20170602,폐업,20220614,N,96.31,,키즈카페,37.6062945545,127.1339876804,,인창동,,527-32 2층,경기도
구리시,쁘띠몽드,471080,"경기도 구리시 산마루로 19, 6층 (갈매동, 진영트윈타워 B동 601, 602, 603호)","경기도 구리시 갈매동 605-1 외1필지 진영트윈타워B동 601, 602, 603호",20170929,폐업,20210712,Y,143.28,,키즈카페,37.631747627,127.1166814969,,갈매동,,"605-1 외1필지 진영트윈타워B동 601, 602, 603호",경기도
구리시,조이점프,471060,"경기도 구리시 벌말로 114, 3층 (토평동)",경기도 구리시 토평동 275-4 3층,20180402,폐업,20210106,N,46.73,,키즈카페,37.5868601843,127.1483769854,,토평동,,275-4 3층,경기도
군포시,점프노리군포산본점,435824,"경기도 군포시 당산로 104, 5층 501호 (금정동, 두현타워)",경기도 군포시 금정동 765,20151102,폐업,20221222,Y,390.2,,키즈카페,37.3609802165,126.9464172155,,금정동,,765,경기도
군포시,키즈몽,435020,"경기도 군포시 번영로28번길 37-12, 401호 (부곡동, 거성프라자1)",경기도 군포시 부곡동 1120-1번지 거성프라자1 401호,20111118,폐업,20190517,N,33.56,,키즈카페,37.3248532927,126.9445716752,,부곡동,,1120-1번지 거성프라자1 401호,경기도
김포시,놀자GO주니어키즈카페,415-080,"경기도 김포시 김포한강8로 412, 3층 303,304호 (구래동)","경기도 김포시 구래동 6884-2 3층 303, 304호",2023-11-17,영업,,Y,387.0,,키즈카페,37.6429116786,126.6232141562,,구래동,,"6884-2 3층 303, 304호",경기도
김포시,제니스 키즈카페(통진점),415-865,"경기도 김포시 통진읍 김포대로 2225, 통진메디칼타워 4층 402호",경기도 김포시 통진읍 마송리 515-4 통진메디칼타워 402호,2023-12-14,영업,,Y,208.4,,키즈카페,37.6891360851,126.5987730066,,통진읍,마송리,515-4 통진메디칼타워 402호,경기도
김포시,다다플레이,415-050,"경기도 김포시 김포한강11로 139-8, 1층 116호 (운양동)",경기도 김포시 운양동 1428-2 1층 116호,2021-06-01,폐업,2023-11-28,N,82.11,,키즈카페,37.6455148084,126.6806530345,,운양동,,1428-2 1층 116호,경기도
김포시,점핑플레이도시,415050,"경기도 김포시 김포한강11로 288-19, 6층 605,606호 (운양동, 운양프라자)","경기도 김포시 운양동 1297-14번지 운양프라자 605,606호",20140911,영업,,Y,247.06,,키즈카페,37.6547294841,126.6824109932,,운양동,,"1297-14번지 운양프라자 605,606호",경기도
김포시,주바운스클럽,415060,"경기도 김포시 태장로 784, 8층 일부호 (장기동)",경기도 김포시 장기동 2025-5번지 8층 일부호,20171208,영업,,N,95.7,,키즈카페,37.6390628983,126.6795791398,,장기동,,2025-5번지 8층 일부호,경기도
김포시,플레이김포구래점,415080,"경기도 김포시 김포한강9로 73, 605호일부호 (구래동)",경기도 김포시 구래동 6884-8번지 김포센트럴프라자 605호일부호,20171027,영업,,N,19.83,,키즈카페,37.6433522547,126.6254986178,,구래동,,6884-8번지 김포센트럴프라자 605호일부호,경기도
김포시,에그퐁리틀클럽,415020,"경기도 김포시 걸포2로 1, 오스타파라곤타워 4층 401일부호 (걸포동)",경기도 김포시 걸포동 1563-4 오스타파라곤타워4층 401일부호,20201021,영업,,N,33.0,,키즈카페,37.6321987852,126.7065143185,,걸포동,,1563-4 오스타파라곤타워4층 401일부호,경기도
김포시,스텔라디,415080,"경기도 김포시 김포한강9로 109, 502~504호 (구래동)",경기도 김포시 구래동 6917-2,20180807,영업,,Y,356.83,,키즈카페,37.6465676617,126.6251888697,,구래동,,6917-2,경기도
김포시,리틀존,415050,"경기도 김포시 김포한강11로 288-27, 1동 4층 405호 (운양동, 한강프라자)",경기도 김포시 운양동 1297-7번지 한강프라자 1동 405호,20150611,폐업,20171212,N,212.56,,키즈카페,37.6548894498,126.6833841911,,운양동,,1297-7번지 한강프라자 1동 405호,경기도
남양주시,스카이 팡팡,472845,"경기도 남양주시 화도읍 맷돌로 118, 601호일부호 (중흥프라자)",경기도 남양주시 화도읍 마석우리 383-6번지,20130411,영업,,Y,231.73,,키즈카페,37.6572996938,127.3032864143,,화도읍,마석우리,383-6번지,경기도
남양주시,꿈트리팡팡 호평점,472120,"경기도 남양주시 늘을3로 65-12, 407호,408호,409호 (호평동, 금강프라자)","경기도 남양주시 호평동 617-1 금강프라자 407호,408호,409호",20150730,영업,,Y,288.76,,키즈카페,37.6602408212,127.2478824674,,호평동,,"617-1 금강프라자 407호,408호,409호",경기도
남양주시,키즈팡팡,472811,경기도 남양주시 별내면 청학로68번길 3 (403호),경기도 남양주시 별내면 청학리 418-3 403호,20120125,영업,,Y,182.28,,키즈카페,37.7076842036,127.1191723304,,별내면,청학리,418-3 403호,경기도
남양주시,고고다이노 키즈카페 다산현대캠퍼스몰,12248,"경기도 남양주시 다산순환로 20, 다산 현대프리미어캠퍼스 지1층 비씨비1-008호 일부~013호 (다산동)",경기도 남양주시 다산동 6143 다산 현대프리미어캠퍼스 비씨비1-008호 일부~013호 ,2023-01-02,영업,,Y,319.68,,키즈카페,37.612693664,127.1517111837,,다산동,,6143 다산 현대프리미어캠퍼스 비씨비1-008호 일부~013호,경기도
남양주시,나리몽키즈카페,472120,"경기도 남양주시 늘을1로16번길 25, 602-1,603호 (호평동, 성보빌딩)",경기도 남양주시 호평동 638번지 성보빌딩,20161027,영업,,Y,152.4,,키즈카페,37.6540738962,127.2428924566,,호평동,,638번지 성보빌딩,경기도
남양주시,점프노리,472938,"경기도 남양주시 평내로29번길 49, 평내엠투프라자 3층 310호,311호 일부 (평내동)",경기도 남양주시 평내동 579-3번지 평내엠투프라자,20190103,영업,,N,99.0,,키즈카페,37.6458736953,127.2356433043,,평내동,,579-3번지 평내엠투프라자,경기도
남양주시,옥토넛키즈카페 오남역점,472-881,"경기도 남양주시 오남읍 진건오남로 935, 2층 일부호",경기도 남양주시 오남읍 양지리 722-1 2층 일부호 ,2024-01-11,영업,,Y,113.2,,키즈카페,37.7057140021,127.1913456092,,오남읍,양지리,722-1 2층 일부호,경기도
남양주시,플레이월드 다산점,12248,"경기도 남양주시 다산중앙로123번길 22-74, 엠에이치 타워 9층 901호,902호,903(일부)호 (다산동)","경기도 남양주시 다산동 6061-1 901호,902호,903(일부)호 ",2024-07-19,영업,,Y,223.0,,키즈카페,37.6250778623,127.1516194118,,다산동,,"6061-1 901호,902호,903(일부)호",경기도
남양주시,쁘띠아이 키즈카페,472938,"경기도 남양주시 경춘로1256번길 10, 평내프라자 5층 501호 일부 (평내동)",경기도 남양주시 평내동 578-2 평내프라자 5층 501호 일부,20220830,영업,,Y,86.0,,키즈카페,37.6456553139,127.2347259018,,평내동,,578-2 평내프라자 5층 501호 일부,경기도
남양주시,에그트리,472938,"경기도 남양주시 평내로29번길 41, 207호 (평내동, 메인프라자)",경기도 남양주시 평내동 578-3번지 메인프라자 207호,20160603,영업,,Y,188.0,,키즈카페,37.6454215274,127.2349761137,,평내동,,578-3번지 메인프라자 207호,경기도
남양주시,야호키즈카페,472120,"경기도 남양주시 늘을3로 65-6, 703호 (호평동,테마프라자)",경기도 남양주시 호평동 617-3번지 테마프라자 703호,20110422,폐업,20170317,N,152.52,,키즈카페,37.6597264793,127.2476121031,,호평동,,617-3번지 테마프라자 703호,경기도
남양주시,타요키즈카페별내점,472501,"경기도 남양주시 별내중앙로 30 (별내동, 1101호)",경기도 남양주시 별내동 1006-1번지 1101호,20140527,폐업,20200622,Y,936.84,,키즈카페,37.6459185768,127.1256884345,,별내동,,1006-1번지 1101호,경기도
남양주시,나무그늘,472846,"경기도 남양주시 화도읍 비룡로99번길 78, 1층",경기도 남양주시 화도읍 묵현리 120번지,20170428,폐업,20170817,N,151.2,,키즈카페,37.6639205391,127.2956269279,,화도읍,묵현리,120번지,경기도
남양주시,꿈트리팡팡별내점,472501,"경기도 남양주시 별내중앙로 26, 702호 (별내동, 진영N타워)",경기도 남양주시 별내동 1006-2번지,20150204,폐업,20200424,Y,304.01,,키즈카페,37.6456851311,127.1259729932,,별내동,,1006-2번지,경기도
남양주시,라바파크,472848,"경기도 남양주시 화도읍 수레로 1259, 3층 (화도체육문화센터)",경기도 남양주시 화도읍 창현리 산 36-3번지 화도체육문화센터,20151123,폐업,20190918,N,98.0,,키즈카페,37.6495535525,127.3011303127,,화도읍,창현리,산 36-3번지 화도체육문화센터,경기도
남양주시,쁘띠아이 키즈카페,472938,"경기도 남양주시 경춘로1256번길 10, 평내프라자 501호 일부 (평내동)",경기도 남양주시 평내동 578-2 평내프라자 501호,20190626,폐업,20220830,N,86.0,,키즈카페,37.6456553139,127.2347259018,,평내동,,578-2 평내프라자 501호,경기도
남양주시,미니특공대테마파크다산신도시점,12248,"경기도 남양주시 다산중앙로123번길 22-74, 엠에이치타워 9층 901호,902호,903호일부 (다산동)","경기도 남양주시 다산동 5856-1 엠에이치타워 9층 901호,902호,903호일부 ",2019-01-28,폐업,2024-07-18,Y,275.9,,키즈카페,37.6250778623,127.1516194118,,다산동,,"5856-1 엠에이치타워 9층 901호,902호,903호일부",경기도
남양주시,빅토키즈,472847,경기도 남양주시 화도읍 수레로 1132 (2층일부),경기도 남양주시 화도읍 차산리 63-15 외2필지 2층일부,20140923,폐업,20220923,Y,604.12,,키즈카페,37.6382470326,127.3043227507,,화도읍,차산리,63-15 외2필지 2층일부,경기도
남양주시,방방놀이터키즈카페,472938,"경기도 남양주시 경춘로1256번길 10, 205호 (평내동,평내프라자)",경기도 남양주시 평내동 578-2 평내프라자 205호,20110518,폐업,20220315,Y,235.6,,키즈카페,37.6456553139,127.2347259018,,평내동,,578-2 평내프라자 205호,경기도
남양주시,펀앤펀 키즈카페,12262,"경기도 남양주시 경춘로 368 (다산동, 브릭스타워 205,206,207,208호)","경기도 남양주시 다산동 668-3번지 브릭스타워 205,206,207,208호",20130612,폐업,20171208,N,444.89,,키즈카페,37.6046291199,127.1556347239,,다산동,,"668-3번지 브릭스타워 205,206,207,208호",경기도
남양주시,점프노리사능점,472833,"경기도 남양주시 진건읍 사릉로 408-1, 4층",경기도 남양주시 진건읍 용정리 781-4번지 4층,20131217,폐업,20161209,N,387.52,,키즈카페,37.6565759475,127.1788741916,,진건읍,용정리,781-4번지 4층,경기도
남양주시,아빠랑엄마랑,472140,"경기도 남양주시 의안로 129-24, 5층 502호 (평내동, 평내동시티프라자)",경기도 남양주시 평내동 603-1번지 평내동씨티프라자 502호,20150804,폐업,20161116,N,159.9,,키즈카페,37.6433811734,127.23752244,,평내동,,603-1번지 평내동씨티프라자 502호,경기도
남양주시,키즈카페 잼잼,472845,"경기도 남양주시 화도읍 마석로45번길 35 (유일프라자2층,201호.202호.203호일부)","경기도 남양주시 화도읍 마석우리 588번지 유일프라자2층,201호202호203호일부",20130214,폐업,20180816,N,312.0,,키즈카페,37.6548551544,127.3021478341,,화도읍,마석우리,"588번지 유일프라자2층,201호202호203호일부",경기도
남양주시,미술로 키우다 카페,472120,"경기도 남양주시 천마산로 65, 202동 지하1층 1호 일부호 (호평동, 호평 파라곤)",경기도 남양주시 호평동 724 호평 파라곤 202동 지하1층 1호 일부,20190617,폐업,20220907,N,39.6,,키즈카페,37.6714916286,127.2488649589,,호평동,,724 호평 파라곤 202동 지하1층 1호 일부,경기도
남양주시,아이쪼아,472-861,경기도 남양주시 진접읍 해밀예당1로 50-88 (랜드타워 206호),경기도 남양주시 진접읍 금곡리 1082 랜드타워 206호 ,2014-02-13,폐업,2025-01-10,Y,589.67,,키즈카페,37.7125911684,127.1879247237,,진접읍,금곡리,1082 랜드타워 206호,경기도
동두천시,앤디네방(ANDY'S ROOM),483030,"경기도 동두천시 중앙로 165, 은혜빌딩 5층 (생연동)",경기도 동두천시 생연동 714-12 은혜빌딩,20180503,폐업,20210330,N,80.56,,키즈카페,37.896282721,127.0521096122,,생연동,,714-12 은혜빌딩,경기도
동두천시,토토빌키즈카페,483020,"경기도 동두천시 지행로 61, 501호 (지행동, 한승빌딩)",경기도 동두천시 지행동 695-1번지 한승빌딩 501호,20151211,폐업,20161116,N,222.43,,키즈카페,37.8926667488,127.0540194762,,지행동,,695-1번지 한승빌딩 501호,경기도
부천시,플랜디,14592,"경기도 부천시 조마루로 2, 부천체육문화센타 201호 일부 (상동)",경기도 부천시 상동 572-1 부천체육문화센타 201호 일부 ,2022-11-14,영업,,N,12.3,,키즈카페,37.4988667424,126.745384894,,상동,,572-1 부천체육문화센타 201호 일부,경기도
부천시,플랜디,14592,"경기도 부천시 원미구 조마루로 2, 부천체육문화센타 201호 일부 (상동)",경기도 부천시 원미구 상동 572-1 부천체육문화센타 201호 일부 ,2022-11-14,영업,,N,12.3,,키즈카페,37.4988667424,126.745384894,원미구,상동,,572-1 부천체육문화센타 201호 일부,경기도
부천시,샌드홀릭,14481,"경기도 부천시 원미구 수도로206번길 31-27, 101호 (도당동, 우성빌라)",경기도 부천시 원미구 도당동 56-5 우성빌라 101호,2018-03-27,영업,,N,102.22,,키즈카페,37.5188625965,126.7896331793,원미구,도당동,,56-5 우성빌라 101호,경기도
부천시,큐리프리미엄키즈카페,14504,"경기도 부천시 원미구 도약로 19, 동양프라자 3층 (상동)",경기도 부천시 원미구 상동 523-2 동양프라자 3층 ,2019-05-10,영업,,N,20.7,,키즈카페,37.5128310191,126.7514337126,원미구,상동,,523-2 동양프라자 3층,경기도
부천시,퍼센트(percent),14545,"경기도 부천시 원미구 송내대로 239, 부천터미널소풍 지하2층 D02호 (상동)",경기도 부천시 원미구 상동 539-1 부천터미널소풍 D02호,2019-08-07,영업,,N,34.14,,키즈카페,37.5041752477,126.7566905848,원미구,상동,,539-1 부천터미널소풍 D02호,경기도
부천시,아띠앙쥬부천상동점,14542,"경기도 부천시 원미구 길주로 137, 상록그린힐빌딩205호일부 (상동)",경기도 부천시 원미구 상동 538-4 상록그린힐빌딩205호일부 ,2018-07-19,영업,,N,70.11,,키즈카페,37.5061104112,126.7576896718,원미구,상동,,538-4 상록그린힐빌딩205호일부,경기도
부천시,노리파크 역곡점,14671,"경기도 부천시 원미구 역곡로13번길 49, 금강빌딩 4층 일부호 (역곡동)",경기도 부천시 원미구 역곡동 78 금강빌딩 4층일부호,2022-09-28,폐업,2024-08-19,N,23.85,,키즈카페,37.4854829438,126.8089293527,원미구,역곡동,,78 금강빌딩 4층일부호,경기도
부천시,푸드플레이그라운드,14592,"경기도 부천시 원미구 조마루로 2, 스포츠센타동 (상동, 부천체육문화센타 FA101호일부)",경기도 부천시 원미구 상동 572-1 부천체육문화센타 FA101호일부 스포츠센타동 ,2012-10-23,폐업,2018-10-08,N,450.93,,키즈카페,37.499869098,126.7442661118,원미구,상동,,572-1 부천체육문화센타 FA101호일부 스포츠센타동,경기도
부천시,차타타레이싱키즈카페옥길점,14789,"경기도 부천시 소사구 범안로 231-15, 6층 604호 일부호 (옥길동)",경기도 부천시 소사구 옥길동 777-2 604호,2019-12-26,폐업,2020-09-25,N,71.2,,키즈카페,37.4624324108,126.8130653042,소사구,옥길동,,777-2 604호,경기도
부천시,아이KiKi,14408,"경기도 부천시 오정구 역곡로 488, 한동빌딩 3층 (고강동)",경기도 부천시 오정구 고강동 349-1 한동빌딩 ,2019-06-14,폐업,2023-06-01,N,93.6,,키즈카페,37.5281418632,126.816345072,오정구,고강동,,349-1 한동빌딩,경기도
부천시,쭈퐁,14549,"경기도 부천시 원미구 신흥로 178 (중동, 위브더스테이트 상가3동 213호 일부)",경기도 부천시 원미구 중동 1109 위브더스테이트 상가3동 213호 일부 ,2014-02-28,폐업,2021-11-29,N,141.78,,키즈카페,37.4995373872,126.777688564,원미구,중동,,1109 위브더스테이트 상가3동 213호 일부,경기도
부천시,리틀이태리,14548,"경기도 부천시 원미구 중동로254번길 90 (중동, 부천시공영노외주차장(4호) 3층일부)",경기도 부천시 원미구 중동 1143-4 부천시공영노외주차장(4호) 3층일부 ,2010-03-19,폐업,2020-06-18,N,110.29,,키즈카페,37.501495818,126.7736873538,원미구,중동,,1143-4 부천시공영노외주차장(4호) 3층일부,경기도
부천시,아이KiKi,14408,"경기도 부천시 역곡로 488, 한동빌딩 3층 (고강동)",경기도 부천시 고강동 349-1 한동빌딩 ,2019-06-14,폐업,2023-06-01,N,93.6,,키즈카페,37.5281418632,126.816345072,,고강동,,349-1 한동빌딩,경기도
부천시,노리파크 역곡점,14671,"경기도 부천시 역곡로13번길 49, 금강빌딩 4층 일부호 (역곡동)",경기도 부천시 역곡동 78 금강빌딩 4층일부호,20220928,영업,,N,23.85,,키즈카페,37.4854829438,126.8089293527,,역곡동,,78 금강빌딩 4층일부호,경기도
부천시,큐리프리미엄키즈카페,14504,"경기도 부천시 도약로 19, 동양프라자 3층 (상동)",경기도 부천시 상동 523-2 동양프라자 3층,20190510,영업,,N,20.7,,키즈카페,37.5128310191,126.7514337126,,상동,,523-2 동양프라자 3층,경기도
부천시,퍼센트(percent),14545,"경기도 부천시 송내대로 239, 부천터미널소풍 지하2층 D02호 (상동)",경기도 부천시 상동 539-1번지 부천터미널소풍 D02호,20190807,영업,,N,34.14,,키즈카페,37.5041752477,126.7566905848,,상동,,539-1번지 부천터미널소풍 D02호,경기도
부천시,쭈퐁,14549,"경기도 부천시 신흥로 178 (중동, 위브더스테이트 상가3동 213호 일부)",경기도 부천시 중동 1109 위브더스테이트 상가3동 213호 일부,20140228,폐업,20211129,N,141.78,,키즈카페,37.4995373872,126.777688564,,중동,,1109 위브더스테이트 상가3동 213호 일부,경기도
부천시,리틀이태리,14548,"경기도 부천시 중동로254번길 90 (중동, 부천시공영노외주차장(4호) 3층일부)",경기도 부천시 중동 1143-4번지 부천시공영노외주차장(4호) 3층일부,20100319,폐업,20200618,N,110.29,,키즈카페,37.501495818,126.7736873538,,중동,,1143-4번지 부천시공영노외주차장(4호) 3층일부,경기도
부천시,푸드플레이그라운드,14592,"경기도 부천시 조마루로 2, 스포츠센타동 (상동, 부천체육문화센타 FA101호일부)",경기도 부천시 상동 572-1번지 부천체육문화센타 FA101호일부 스포츠센타동,20121023,폐업,20181008,N,450.93,,키즈카페,37.499869098,126.7442661118,,상동,,572-1번지 부천체육문화센타 FA101호일부 스포츠센타동,경기도
부천시,차타타레이싱키즈카페옥길점,14789,"경기도 부천시 범안로 231-15, 6층 604호 일부호 (옥길동)",경기도 부천시 옥길동 777-2 604호,20191226,폐업,20200925,N,71.2,,키즈카페,37.4624324108,126.8130653042,,옥길동,,777-2 604호,경기도
성남시,플렉스 키즈 정자점,463-834,"경기도 성남시 분당구 내정로17번길 2, 한솔프라자 지하1층 1002-1호 (정자동)",경기도 성남시 분당구 정자동 127-6 한솔프라자 지하1층 1002-1호 ,2023-06-19,영업,,N,0.0,,키즈카페,37.362134118,127.1144773386,분당구,정자동,,127-6 한솔프라자 지하1층 1002-1호,경기도
성남시,플렉스 키즈 수내점,463-825,"경기도 성남시 분당구 황새울로258번길 19, 한산이씨봉화공파종중회관 지하1층 일부호 (수내동)",경기도 성남시 분당구 수내동 6-1 한산이씨봉화공파종중회관 지하1층 일부호 ,2023-06-19,영업,,Y,190.45,,키즈카페,37.379766092,127.117549793,분당구,수내동,,6-1 한산이씨봉화공파종중회관 지하1층 일부호,경기도
성남시,릴리펏 위례점,461-210,"경기도 성남시 수정구 위례광장로 5, 위례우남역아이파크 2층 213일부호,214일부호 (창곡동)","경기도 성남시 수정구 창곡동 560 위례우남역아이파크, 2층 213일부호, 214일부호 ",2018-10-02,영업,,Y,97.6,,키즈카페,37.4650302953,127.1416093524,수정구,창곡동,,"560 위례우남역아이파크, 2층 213일부호, 214일부호",경기도
성남시,리틀하이레스토랑 위례점,461-210,"경기도 성남시 수정구 위례광장로 300, 위례중앙역 중앙타워 9층 909호,910일부호 (창곡동)","경기도 성남시 수정구 창곡동 509 위례중앙역 중앙타워, 9층 909호, 910호 일부 ",2018-07-30,폐업,2023-04-10,N,73.7,,키즈카페,37.4734793704,127.1426886465,수정구,창곡동,,"509 위례중앙역 중앙타워, 9층 909호, 910호 일부",경기도
성남시,리틀두두,463-831,"경기도 성남시 분당구 장안로 39 (분당동, 한일빌딩 2층일부)",경기도 성남시 분당구 분당동 90-1 한일빌딩 2층일부 ,2014-01-24,폐업,2023-12-29,Y,55.46,,키즈카페,37.3704636672,127.1434601531,분당구,분당동,,90-1 한일빌딩 2층일부,경기도
성남시,릴리펏 판교알파돔시티점,463-420,"경기도 성남시 분당구 판교역로 145 (백현동, 알파리움 타워2동 지하1층 B123호, B124호, B125호 일부)","경기도 성남시 분당구 백현동 530 알파리움 타워2동 지하1층 B123호, B124호, B125호 일부 ",2016-04-28,폐업,2024-05-14,Y,247.0,,키즈카페,37.3935094998,127.1084872517,분당구,백현동,,"530 알파리움 타워2동 지하1층 B123호, B124호, B125호 일부",경기도
성남시,위키(WIKI),463440,"경기도 성남시 분당구 운중로126번길 9, 1층 (운중동)",경기도 성남시 분당구 운중동 933-5 1층,20141208,영업,,N,117.57,,키즈카페,37.390679929,127.077288459,분당구,운중동,,933-5 1층,경기도
성남시,퐁퐁플라워에이치엔앰컴퍼니,463808,"경기도 성남시 분당구 미금일로90번길 32, 지하1층 B101(일부)호 (구미동)",경기도 성남시 분당구 구미동 30,20190416,영업,,N,55.0,,키즈카페,37.3489427626,127.110468852,분당구,구미동,,30,경기도
성남시,꼬물상,463864,"경기도 성남시 분당구 돌마로366번길 42 (수내동, 동한프라자   3층 일부)",경기도 성남시 분당구 수내동 83-1 동한프라자   3층 일부,20131203,영업,,Y,134.97,,키즈카페,37.3671671045,127.126738858,분당구,수내동,,83-1 동한프라자 3층 일부,경기도
성남시,아이조아키즈카페,463834,"경기도 성남시 분당구 정자로76번길 11, 5층 501-1호 (정자동, 한라프라자)",경기도 성남시 분당구 정자동 130-3번지 한라프라자 5층 501-1호,20150824,폐업,20180904,N,16.9,,키즈카페,37.362365378,127.1135275667,분당구,정자동,,130-3번지 한라프라자 5층 501-1호,경기도
성남시,봉봉키즈,461822,"경기도 성남시 수정구 수정로171번길 7, 재경빌딩 5(일부)층 (태평동)","경기도 성남시 수정구 태평동 3407 재경빌딩, 5층 일부",20181214,폐업,20210114,N,99.56,,키즈카페,37.4434149816,127.1384905789,수정구,태평동,,"3407 재경빌딩, 5층 일부",경기도
성남시,(주)미래엔에듀케어딸기가좋아 분당점,463869,"경기도 성남시 분당구 정자일로 55 (금곡동, 분당두산위브 지하2층 99-201호 일부)",경기도 성남시 분당구 금곡동 192 분당두산위브 지하2층 99-201호 일부,20170615,폐업,20200915,Y,336.95,,키즈카페,37.3558762226,127.1055775722,분당구,금곡동,,192 분당두산위브 지하2층 99-201호 일부,경기도
성남시,맘스블럭,462100,"경기도 성남시 중원구 여수울로15번길 4-16, 2층 (여수동)",경기도 성남시 중원구 여수동 426번지 2층,20141119,폐업,20191030,N,43.39,,키즈카페,37.4189595124,127.1322455783,중원구,여수동,,426번지 2층,경기도
성남시,카페드베베,463863,"경기도 성남시 분당구 정자일로 248, 504호 (정자동, 파크뷰 5층 상가)",경기도 성남시 분당구 정자동 6번지 파크뷰 5층 상가 504호,20141218,폐업,20200131,Y,144.48,,키즈카페,37.3757258783,127.1059480343,분당구,정자동,,6번지 파크뷰 5층 상가 504호,경기도
성남시,바오밥 키즈카페앤,463410,"경기도 성남시 분당구 운중로225번길 14-2 (판교동, 1층)",경기도 성남시 분당구 판교동 617번지 1층,20121213,폐업,20191021,N,121.01,,키즈카페,37.391098736,127.0886960997,분당구,판교동,,617번지 1층,경기도
성남시,라움프리미엄키즈카페,461210,"경기도 성남시 수정구 위례동로 135, 신성위캐슬타워 3층 303(일부)호,304(일부)호 (창곡동)","경기도 성남시 수정구 창곡동 513-3 신성위캐슬타워, 3층 303호 일부, 304호 일부",20181109,폐업,20220502,N,84.08,,키즈카페,37.4722935901,127.1500566154,수정구,창곡동,,"513-3 신성위캐슬타워, 3층 303호 일부, 304호 일부",경기도
성남시,키즈카페별이,461810,"경기도 성남시 수정구 산성대로 337, 7층 (신흥동, 세이브존)",경기도 성남시 수정구 신흥동 2463-5번지 세이브존7층,20131024,폐업,20191125,Y,570.91,,키즈카페,37.4439105927,127.1534899028,수정구,신흥동,,2463-5번지 세이브존7층,경기도
성남시,슈슈봉봉 위례신도시점,461210,"경기도 성남시 수정구 위례광장로 300, 위례중앙역 중앙타워 5층 502, 503호 일부호 (창곡동)","경기도 성남시 수정구 창곡동 509 위례중앙역 중앙타워 502, 5603호 일부",20180514,폐업,20220609,Y,167.4,,키즈카페,37.4734793704,127.1426886465,수정구,창곡동,,"509 위례중앙역 중앙타워 502, 5603호 일부",경기도
성남시,키즈플레이,463817,"경기도 성남시 분당구 야탑로 251 (야탑동, 다주빌딩 4층 일부)",경기도 성남시 분당구 야탑동 175-4번지 다주빌딩 4층 일부,20140527,폐업,20180315,Y,254.72,,키즈카페,37.4070595217,127.1464167502,분당구,야탑동,,175-4번지 다주빌딩 4층 일부,경기도
수원시,까로맘,441842,"경기도 수원시 권선구 금곡로73번길 80-13, 1층 일부호 (금곡동)",경기도 수원시 권선구 금곡동 498-1 ,20230116,영업,,N,30.0,,키즈카페,37.2766269333,126.9345826152,권선구,금곡동,,498-1,경기도
수원시,와따플레이 광교점,443-822,"경기도 수원시 영통구 중부대로 335, 2층 217호, 218 일부호, 219 일부호 (원천동, 삼부리치안)",경기도 수원시 영통구 원천동 96-1 삼부리치안 ,2021-07-27,영업,,N,90.45,,키즈카페,37.2736073924,127.052610308,영통구,원천동,,96-1 삼부리치안,경기도
수원시,메가박스중앙(주)영통지점 키즈카페,443-810,"경기도 수원시 영통구 봉영로 1579 (영통동, 960-1 롯데마트영통점 6층일부)",경기도 수원시 영통구 영통동 960-1 롯데마트영통점 6층일부 ,2013-07-04,폐업,2024-02-29,N,53.0,,키즈카페,37.2527384461,127.0716666812,영통구,영통동,,960-1 롯데마트영통점 6층일부,경기도
수원시,릴리펏 롯데백화점수원점,441-100,"경기도 수원시 권선구 세화로 134, 롯데몰 수원점 7층 (서둔동)",경기도 수원시 권선구 서둔동 381 롯데몰 수원점 ,2018-10-01,폐업,2023-11-21,N,190.3,,키즈카페,37.2641013965,126.9973705173,권선구,서둔동,,381 롯데몰 수원점,경기도
수원시,바바빠빠,443-280,"경기도 수원시 영통구 센트럴파크로 6, 301동 지2층 101호 (하동, 힐스테이트 광교)","경기도 수원시 영통구 하동 1021 힐스테이트 광교, 지2층 301동 101호",2019-04-08,폐업,2024-08-29,Y,338.7,,키즈카페,37.2867145022,127.0649309652,영통구,하동,,"1021 힐스테이트 광교, 지2층 301동 101호",경기도
수원시,점핑몬스터,441460,"경기도 수원시 권선구 금곡로118번길 24, 리치빌딩 503호 (금곡동)",경기도 수원시 권선구 금곡동 1088-2 리치빌딩,20200701,영업,,N,77.7,,키즈카페,37.2731330228,126.9429215942,권선구,금곡동,,1088-2 리치빌딩,경기도
수원시,앙글앙글키즈카페 북수원점,440310,경기도 수원시 장안구 장안로478번길 85 (이목동),경기도 수원시 장안구 이목동 59-1,20191010,영업,,N,133.7,,키즈카페,37.3220129836,126.9759806642,장안구,이목동,,59-1,경기도
수원시,킹콩점프,443390,"경기도 수원시 영통구 권선로908번길 30, 3층 (신동)",경기도 수원시 영통구 신동 935,20180122,폐업,20191113,N,75.16,,키즈카페,37.247680188,127.0447128855,영통구,신동,,935,경기도
수원시,점프아이,441824,"경기도 수원시 권선구 세권로207번길 16, 2층 (권선동)",경기도 수원시 권선구 권선동 1044-1 2층,20160719,폐업,20210608,N,31.0,,키즈카페,37.2556360434,127.0277160672,권선구,권선동,,1044-1 2층,경기도
수원시,릴리펏 광교점,443270,"경기도 수원시 영통구 센트럴타운로 107, 204동 B-76,77,78호 (이의동)",경기도 수원시 영통구 이의동 1331,20160608,폐업,20220623,N,134.25,,키즈카페,37.2915748187,127.04856648,영통구,이의동,,1331,경기도
수원시,돼지꼬랭이키즈카페,441842,"경기도 수원시 권선구 금곡로 116, 406.407호 (금곡동, 유동타워)",경기도 수원시 권선구 금곡동 572-5 유동타워 406.407호,20121213,폐업,20190304,Y,230.97,,키즈카페,37.2739088811,126.9430625097,권선구,금곡동,,572-5 유동타워 406.407호,경기도
수원시,아미랑스,441460,"경기도 수원시 권선구 금곡로102번길 56, 3층 (금곡동, 스카이빌딩)",경기도 수원시 권선구 금곡동 1084,20170829,폐업,20210205,N,84.64,,키즈카페,37.2717201542,126.9414995592,권선구,금곡동,,1084,경기도
수원시,렛츠고점핑,440840,경기도 수원시 장안구 장안로 262 (정자동),경기도 수원시 장안구 정자동 434-10,20191008,폐업,20201028,N,60.37,,키즈카페,37.3054885522,126.9920511545,장안구,정자동,,434-10,경기도
시흥시,해피치즈스마일배곧,15011,"경기도 시흥시 서울대학로278번길 61, 서영베니스스퀘어 1층 에이-2호 (배곧동)",경기도 시흥시 배곧동 204 서영베니스스퀘어 ,20200630,영업,,N,94.16,,키즈카페,37.3681926149,126.7306929431,,배곧동,,204 서영베니스스퀘어,경기도
시흥시,"오감,그리다배곧점",15010,"경기도 시흥시 배곧4로 32-17, 배곧 로자벨 4층 407호 일부호 (배곧동)",경기도 시흥시 배곧동 127 배곧 로자벨 ,2022-03-25,영업,,N,32.56,,키즈카페,37.3771523958,126.7265805077,,배곧동,,127 배곧 로자벨,경기도
시흥시,프리미엄키즈카페앨빈,429-450,"경기도 시흥시 배곧3로 96, M-플러스 5층 502~503일부호 (정왕동)",경기도 시흥시 정왕동 2514-1 M-플러스 502~호,2017-12-26,폐업,2023-07-17,N,89.94,,키즈카페,37.3697764139,126.7302927867,,정왕동,,2514-1 M-플러스 502~호,경기도
시흥시,프레리키즈카페시흥목감점,429300,"경기도 시흥시 목감남서로 9-7, 더 드림 4층 404 일부호 (조남동)",경기도 시흥시 조남동 659 더 드림,20180125,영업,,Y,47.16,,키즈카페,37.3775973944,126.851587277,,조남동,,659 더 드림,경기도
시흥시,레고앤팡팡키즈카페,429834,"경기도 시흥시 월곶중앙로 64, 4층 402호 (월곶동, 풍산프라자)",경기도 시흥시 월곶동 1009-1,20151208,폐업,20211231,Y,107.0,,키즈카페,37.3891728802,126.7385104453,,월곶동,,1009-1,경기도
시흥시,토리키즈클럽,429874,"경기도 시흥시 비둘기공원7길 53, 3층 (대야동)",경기도 시흥시 대야동 546-3번지 동호프라자 3층,20140611,폐업,20180531,N,316.23,,키즈카페,37.4413770668,126.7917454951,,대야동,,546-3번지 동호프라자 3층,경기도
시흥시,아이조아키즈카페,429300,"경기도 시흥시 목감남서로 9-27, 402 일부호 (조남동)",경기도 시흥시 조남동 657,20180418,폐업,20201130,N,8.68,,키즈카페,37.3779410886,126.8534479825,,조남동,,657,경기도
안산시,맘블리 안산점,425906,"경기도 안산시 단원구 광덕대로 174, 월드타운 310,310-1호 (고잔동)","경기도 안산시 단원구 고잔동 768 월드타운 310호,310-1호",20180709,폐업,20220822,Y,191.62,,키즈카페,37.3119260049,126.8310374164,단원구,고잔동,,"768 월드타운 310호,310-1호",경기도
안산시,키즈몽키즈카페,426823,"경기도 안산시 상록구 석호로 196, 2층 201-1 일부호 (사동, 상록프라자)",경기도 안산시 상록구 사동 1318-1 상록프라자 201-1 호 일부,20161024,폐업,20200818,N,84.24,,키즈카페,37.2953434569,126.8526211685,상록구,사동,,1318-1 상록프라자 201-1 호 일부,경기도
안산시,요술램프,425856,"경기도 안산시 단원구 원포공원2로 35 (초지동, 메가쇼핑타운 403,404호)","경기도 안산시 단원구 초지동 742-9번지 메가쇼핑타운 403,404호",20080407,폐업,20171201,N,215.28,,키즈카페,37.3017482302,126.8135140168,단원구,초지동,,"742-9번지 메가쇼핑타운 403,404호",경기도
안산시,버블버블키즈,425831,"경기도 안산시 단원구 선부광장1로 56 (선부동, 1076-1  604호)",경기도 안산시 단원구 선부동 1076-1번지 604호,20110114,폐업,20170512,N,325.35,,키즈카페,37.3365972746,126.810724748,단원구,선부동,,1076-1번지 604호,경기도
안산시,키즈마마키즈카페,425809,"경기도 안산시 단원구 광덕동로 95 (고잔동, 727-3  궁전타워 203호)",경기도 안산시 단원구 고잔동 727-3번지 궁전타워 203호,20070315,폐업,20180411,Y,109.98,,키즈카페,37.3129714593,126.8326080797,단원구,고잔동,,727-3번지 궁전타워 203호,경기도
안양시,이랜드파크코코몽키즈랜드,431-812,"경기도 안양시 동안구 시민대로 182, 지상7층 (호계동, 평촌엔씨백화점)",경기도 안양시 동안구 호계동 1040-1 ,2012-11-26,폐업,2023-08-16,Y,143.76,,키즈카페,,,동안구,호계동,,1040-1,경기도
안양시,방방쿠잉,431-805,"경기도 안양시 동안구 관평로327번길 29, 지하1층 (관양동)",경기도 안양시 동안구 관양동 1390-3 ,2020-07-31,폐업,2023-04-06,N,23.76,,키즈카페,37.4055885878,126.9559985242,동안구,관양동,,1390-3,경기도
안양시,(주)바운스 안양센터,430010,"경기도 안양시 만안구 덕천로152번길 25, 안양아이에스BIZ타워센트럴 2층 201호 (안양동)",경기도 안양시 만안구 안양동 1432 안양아이에스BIZ타워센트럴,20220826,영업,,Y,34.9,,키즈카페,37.3926189085,126.9388640512,만안구,안양동,,1432 안양아이에스BIZ타워센트럴,경기도
안양시,애플트리바운스,431825,"경기도 안양시 동안구 관악대로 272, 비산동 키즈맘센터 지1층 일부 B102호 (비산동)",경기도 안양시 동안구 비산동 1059번지 비산동 키즈맘센터 지1층 B102호 일부,20190419,영업,,N,58.1,,키즈카페,37.4018610427,126.9529861539,동안구,비산동,,1059번지 비산동 키즈맘센터 지1층 B102호 일부,경기도
안양시,키즈베이,431836,"경기도 안양시 동안구 경수대로 813, 피카빌딩 지상3층 (호계동)",경기도 안양시 동안구 호계동 894,20180829,영업,,N,87.29,,키즈카페,37.3919570009,126.9437606243,동안구,호계동,,894,경기도
안양시,아레카,430010,"경기도 안양시 만안구 태평로52번길 21 (안양동, 마드리드 516호,517호일부,518호일부,519호일부)",경기도 안양시 만안구 안양동 주택재개발정비구역번지 3블록6외1필지,20171010,폐업,20191205,N,84.74,,키즈카페,37.3955263732,126.9304934351,만안구,안양동,,주택재개발정비구역번지 3블록6외1필지,경기도
안양시,오키즈카페,431841,"경기도 안양시 동안구 경수대로 536, 지하1층 (호계동, 정암빌딩)",경기도 안양시 동안구 호계동 1003-9번지,20121203,폐업,20190201,Y,179.85,,키즈카페,37.3706710279,126.9583175482,동안구,호계동,,1003-9번지,경기도
안양시,리틀가든,430831,"경기도 안양시 만안구 장내로139번길 14, 5층 (안양동)",경기도 안양시 만안구 안양동 674-257번지 5층,20031009,폐업,20200331,Y,221.5,,키즈카페,37.3984635345,126.9227885312,만안구,안양동,,674-257번지 5층,경기도
안양시,동편펀펀키즈,431815,"경기도 안양시 동안구 동편로 148, 지상1층 (관양동)",경기도 안양시 동안구 관양동 1681-5번지,20150504,폐업,20170824,N,90.93,,키즈카페,37.40913556,126.9668996647,동안구,관양동,,1681-5번지,경기도
안양시,키즈퐁,431821,"경기도 안양시 동안구 경수대로 890, 4층 (비산동)",경기도 안양시 동안구 비산동 413-13번지,20171110,폐업,20191213,N,84.72,,키즈카페,37.3972471778,126.9378579288,동안구,비산동,,413-13번지,경기도
양주시,백억커피 양주옥정점,482-130,"경기도 양주시 옥정로6길 8, 113호 (옥정동)",경기도 양주시 옥정동 963-2 113호,2024-03-15,영업,,N,47.5,,키즈카페,37.8221338348,127.0922128593,,옥정동,,963-2 113호,경기도
양주시,퐁당퐁당,482110,"경기도 양주시 삼숭로38번길 9, 일부 2층 (삼숭동)",경기도 양주시 삼숭동 271-1,20190502,폐업,20201031,N,8.75,,키즈카페,37.7976063291,127.101945789,,삼숭동,,271-1,경기도
양주시,키즈필,482030,"경기도 양주시 고읍남로 20 (광사동, 5층 일부)",경기도 양주시 광사동 653-1번지 5층 일부,20150810,폐업,20200226,N,88.14,,키즈카페,37.7946697876,127.0791088483,,광사동,,653-1번지 5층 일부,경기도
여주시,성진푸드(주) O cafe,469118,경기도 여주시 강변유원지길 45 (연양동),경기도 여주시 연양동 414,20140410,영업,,N,274.32,,키즈카페,37.2931013454,127.6610453985,,연양동,,414,경기도
여주시,롤리팝키즈카페(여주점),469102,경기도 여주시 청심로 161,경기도 여주시 홍문동 5-8번지,20110629,폐업,20191112,Y,203.8,,키즈카페,37.2976552966,127.6381504115,,홍문동,,5-8번지,경기도
여주시,엄마랑 아가랑,469102,경기도 여주시 세종로45번길 38 (홍문동),경기도 여주시 홍문동 164번지,20161125,폐업,20171207,N,33.3,,키즈카페,37.2921660355,127.6379372926,,홍문동,,164번지,경기도
연천군,도리도리,486903,경기도 연천군 전곡읍 은전로78번길 61,경기도 연천군 전곡읍 전곡리 333-32,20140415,폐업,20210624,N,298.8,,키즈카페,38.0255929624,127.0696105167,,전곡읍,전곡리,333-32,경기도
오산시,레인보우스타오산점,447-805,"경기도 오산시 경기대로 181, 오산이마트 3층일부 (원동)",경기도 오산시 원동 360-6 오산이마트 3층일부 ,2023-07-14,영업,,Y,167.56,,키즈카페,37.1406613919,127.0727160262,,원동,,360-6 오산이마트 3층일부,경기도
오산시,베리니크오산점,447160,"경기도 오산시 발안로 1356-9, 2층 (누읍동)","경기도 오산시 누읍동 528 외 3필지(526-1,529,530)",20141219,폐업,20210503,N,44.37,,키즈카페,37.1406156112,127.0482152744,,누읍동,,"528 외 3필지(526-1,529,530)",경기도
오산시,펀펀점핑키즈카페,447280,"경기도 오산시 문헌공로 3 (금암동, 인피니트타워 303호,304호)","경기도 오산시 금암동 502-5 인피니트타워 303호,304호",20120817,폐업,20200831,Y,103.35,,키즈카페,37.1745272881,127.0507394875,,금암동,,"502-5 인피니트타워 303호,304호",경기도
용인시,(주)미래엔에듀케어딸기가좋아키즈카페용인점,449-933,"경기도 용인시 처인구 중부대로 1294, 더와이스퀘어 3층 301호 (역북동)",경기도 용인시 처인구 역북동 510 ,2019-07-23,영업,,Y,235.09,,키즈카페,37.2354625173,127.1883126982,처인구,역북동,,510,경기도
용인시,타이니키즈파크,448830,"경기도 용인시 수지구 성복2로 38, 롯데몰성복점 3층 일부호 (성복동)",경기도 용인시 수지구 성복동 23 롯데몰성복점,20190822,영업,,N,99.03,,키즈카페,37.3127533049,127.0817765905,수지구,성복동,,23 롯데몰성복점,경기도
용인시,라라그라운드,446908,"경기도 용인시 기흥구 흥덕2로 85, 203호 (영덕동, 우연프라자)",경기도 용인시 기흥구 영덕동 986-8 우연프라자 203호,20140421,영업,,Y,125.0,,키즈카페,37.2751277516,127.0737845127,기흥구,영덕동,,986-8 우연프라자 203호,경기도
용인시,너티차일드,446915,"경기도 용인시 기흥구 구성로 357, 용인테크노밸리 D110,D111,D112,D113,D114 1층 (청덕동)",경기도 용인시 기흥구 청덕동 556번지 용인테크노밸리,20180723,영업,,N,293.79,,키즈카페,37.2913537558,127.1481097299,기흥구,청덕동,,556번지 용인테크노밸리,경기도
용인시,잼몬스터,448150,"경기도 용인시 수지구 신봉1로 165, 동광프라자 4층 401호 일부호 (신봉동)",경기도 용인시 수지구 신봉동 969번지 동광프라자,20200319,영업,,N,71.0,,키즈카페,37.3277953492,127.0686335545,수지구,신봉동,,969번지 동광프라자,경기도
용인시,허니펀키즈파크,446908,"경기도 용인시 기흥구 흥덕중앙로 120, UTOWER 133호 (영덕동)",경기도 용인시 기흥구 영덕동 1029번지 UTOWER 133호,20191017,영업,,Y,320.6,,키즈카페,37.2748617644,127.0800687639,기흥구,영덕동,,1029번지 UTOWER 133호,경기도
용인시,점핑몬스터 수지상현점,448822,"경기도 용인시 수지구 만현로 82-4, 헤르메스상가 5층 505호 일부호 (상현동)",경기도 용인시 수지구 상현동 66-2 헤르메스상가,20200421,폐업,20211202,N,93.29,,키즈카페,37.3094689666,127.085970158,수지구,상현동,,66-2 헤르메스상가,경기도
용인시,키즈까페 채플힐,448501,"경기도 용인시 수지구 동천로 233 (동천동, 부속건물제3동 1,2층)","경기도 용인시 수지구 동천동 500번지 부속건물제3동 1,2층",20160212,폐업,20160219,N,302.26,,키즈카페,37.3373979512,127.0794386338,수지구,동천동,,"500번지 부속건물제3동 1,2층",경기도
용인시,키즈클럽다즈,446908,"경기도 용인시 기흥구 흥덕2로87번길 18 (영덕동, 이씨티A동 401호,402호,403호,409호,410호)","경기도 용인시 기흥구 영덕동 985-1번지 이씨티A동 401호,402호,403호,409호,410호",20130131,폐업,20180409,Y,504.49,,키즈카페,37.2759130636,127.0715918075,기흥구,영덕동,,"985-1번지 이씨티A동 401호,402호,403호,409호,410호",경기도
용인시,킨더파크,448822,"경기도 용인시 수지구 만현로 92 (상현동, IT프라자 508호)",경기도 용인시 수지구 상현동 257-1번지 IT프라자 508호,20170110,폐업,20180321,N,78.75,,키즈카페,37.3084918084,127.0849260435,수지구,상현동,,257-1번지 IT프라자 508호,경기도
용인시,라라랜드키즈카페,449933,"경기도 용인시 처인구 명지로40번길 15-17, 302호,303호 (역북동)","경기도 용인시 처인구 역북동 755-1 302호,303호",20190408,폐업,20201202,Y,121.9,,키즈카페,37.2310322701,127.1866625118,처인구,역북동,,"755-1 302호,303호",경기도
용인시,코알라짐 카페,448808,"경기도 용인시 수지구 현암로 160 (죽전동, 예타운빌딩 702-1호)",경기도 용인시 수지구 죽전동 1190-3 예타운빌딩 702-1호,20131113,폐업,20221018,N,31.08,,키즈카페,37.331409842,127.1269497026,수지구,죽전동,,1190-3 예타운빌딩 702-1호,경기도
용인시,점프챔프,448808,"경기도 용인시 수지구 현암로 105 (죽전동, 4층)",경기도 용인시 수지구 죽전동 1176-2 4층,20131226,폐업,20220104,Y,383.94,,키즈카페,37.3319853359,127.1208399523,수지구,죽전동,,1176-2 4층,경기도
용인시,퐁당퐁당 키즈카페,448808,"경기도 용인시 수지구 현암로 148, 6층 602호 (죽전동, 죽전스카이프라자)",경기도 용인시 수지구 죽전동 1191-5 죽전스카이프라자,20200910,폐업,20221028,N,74.88,,키즈카페,37.3315143352,127.1257865107,수지구,죽전동,,1191-5 죽전스카이프라자,경기도
의왕시,나랑노랑,437-823,"경기도 의왕시 원골로 6, 의왕그린프라자 501호 (오전동)",경기도 의왕시 오전동 839-4 의왕그린프라자 ,2022-01-07,영업,,N,89.76,,키즈카페,37.3581192596,126.9672268406,,오전동,,839-4 의왕그린프라자,경기도
의정부시,고고다이노 키즈카페 민락점,480090,"경기도 의정부시 오목로225번길 115, 제이맘 지상9층 (민락동)",경기도 의정부시 민락동 808번지 제이맘 지상9층,20200121,영업,,Y,382.05,,키즈카페,37.7459268076,127.0946404442,,민락동,,808번지 제이맘 지상9층,경기도
의정부시,큐리프리미엄키즈카페 의정부점,480040,"경기도 의정부시 월유로 16, GS프라자 지상7층 702,703호 (산곡동)","경기도 의정부시 산곡동 688-5 GS프라자 702,3호",20221021,영업,,Y,57.14,,키즈카페,37.7287908778,127.1101559815,,산곡동,,"688-5 GS프라자 702,3호",경기도
의정부시,스마일랜드,480090,"경기도 의정부시 용민로 477, 지상2층 201호 (민락동)",경기도 의정부시 민락동 902-2,20180212,영업,,N,147.73,,키즈카페,37.7514490263,127.1180627149,,민락동,,902-2,경기도
의정부시,루나루즈,480-802,"경기도 의정부시 가금로 29, 지승메디컬프라자 지상6층 (가능동)",경기도 의정부시 가능동 96-1 지상6층 ,2019-07-29,영업,,N,86.19,,키즈카페,37.7557115551,127.0396649664,,가능동,,96-1 지상6층,경기도
의정부시,하랑,480-867,"경기도 의정부시 회룡로105번길 15, 서왕프라자 지하1층 (호원동)",경기도 의정부시 호원동 332 서왕프라자 ,2019-07-02,영업,,N,44.64,,키즈카페,37.7265125247,127.0452926842,,호원동,,332 서왕프라자,경기도
의정부시,신나고 즐거운,480-837,"경기도 의정부시 만가대길 54, 와플사옥 1동 지상1층 (용현동)",경기도 의정부시 용현동 167-1 ,2023-12-01,영업,,N,24.5,,키즈카페,37.7276405727,127.0847539374,,용현동,,167-1,경기도
의정부시,모래야 놀자,480-867,"경기도 의정부시 외미로 92-6, 지상3층 (호원동, HC회룡빌딩)",경기도 의정부시 호원동 312-9 ,2017-10-17,영업,,N,86.16,,키즈카페,37.7239353211,127.0454446086,,호원동,,312-9,경기도
의정부시,스카이 엔젤,480-090,"경기도 의정부시 용민로 493, 엘스퀘어 지하1층 B101호 (민락동)",경기도 의정부시 민락동 905 B101호,2020-06-02,영업,,N,32.24,,키즈카페,37.749999611,127.1185923281,,민락동,,905 B101호,경기도
의정부시,오키즈랜드 파티앤파크,480090,"경기도 의정부시 천보로 44, 해동본타워 지상10층 (민락동)",경기도 의정부시 민락동 804-6번지,20180116,영업,,N,62.47,,키즈카페,37.7442920781,127.0962951822,,민락동,,804-6번지,경기도
의정부시,플러스 점핑 주니어,480080,"경기도 의정부시 용민로 395, 지상2층 (낙양동)",경기도 의정부시 낙양동 737-1,20191121,폐업,20210610,Y,348.64,,키즈카페,37.7554856699,127.1121501648,,낙양동,,737-1,경기도
의정부시,E.T 보드카페,480834,"경기도 의정부시 발곡로 10 (신곡동, 백상프라자 311호, 312호(일부))",경기도 의정부시 신곡동 719-2번지,20160908,폐업,20180911,N,31.6,,키즈카페,37.7309512516,127.0558536412,,신곡동,,719-2번지,경기도
의정부시,키즈필,480856,"경기도 의정부시 평화로150번길 15, 4층 (호원동, 대림빌딩)",경기도 의정부시 호원동 466-16,20170928,폐업,20221212,N,176.74,,키즈카페,37.7051656617,127.0490874057,,호원동,,466-16,경기도
의정부시,어울놀이 키즈카페,480-090,"경기도 의정부시 오목로225번길 105, 4층 (민락동, 뉴욕뉴욕프라자)",경기도 의정부시 민락동 813 ,2017-08-02,폐업,2024-04-12,N,716.0,,키즈카페,37.7462702796,127.0949223408,,민락동,,813,경기도
의정부시,주식회사 업투하이에이치에스,480-090,"경기도 의정부시 용민로 198, 월드 본 타워 지상3층 303호 (민락동)",경기도 의정부시 민락동 806 ,2019-02-13,폐업,2023-06-23,N,57.8,,키즈카페,37.7461588031,127.0939581319,,민락동,,806,경기도
의정부시,릴리펏 의정부민락점,480-090,"경기도 의정부시 오목로225번길 162, 지상3층 305호 (민락동, 씨티프라자)",경기도 의정부시 민락동 804-8 ,2017-11-23,폐업,2023-06-23,N,233.43,,키즈카페,37.7445609532,127.0958510507,,민락동,,804-8,경기도
이천시,디지털 노리파크 안흥점,467050,"경기도 이천시 구만리로 191, 1층 (안흥동, 롯데캐슬 골드스카이)",경기도 이천시 안흥동 274-17번지 롯데캐슬 골드스카이 1층,20190304,영업,,N,91.0,,키즈카페,37.2746601777,127.4540015018,,안흥동,,274-17번지 롯데캐슬 골드스카이 1층,경기도
이천시,리틀캠프,467904,"경기도 이천시 장호원읍 장터로15번길 21, 4층",경기도 이천시 장호원읍 진암리 34-10 (4층),20130314,영업,,N,67.75,,키즈카페,37.1159172018,127.6261694852,,장호원읍,진암리,34-10 (4층),경기도
이천시,모래키즈마마,467807,경기도 이천시 애련정로136번길 59 (창전동),경기도 이천시 창전동 1-18 2층,20130308,폐업,20220525,Y,132.88,,키즈카페,37.2828446353,127.453342229,,창전동,,1-18 2층,경기도
파주시,아지동 키즈카페,413-841,"경기도 파주시 탄현면 헤이리마을길 93-75, 헤이리더스텝 하늘A동 101호, 102호","경기도 파주시 탄현면 법흥리 1652-23 헤이리더스텝 하늘A동 101호, 102호 ",2018-09-07,영업,,N,118.43,,키즈카페,37.7914360764,126.6962394881,,탄현면,법흥리,"1652-23 헤이리더스텝 하늘A동 101호, 102호",경기도
파주시,라라라본,413110,"경기도 파주시 교하로159번길 45, 힐링플러스빌딩 404호 (목동동)",경기도 파주시 목동동 1054-3 힐링플러스빌딩 404호,20180621,영업,,N,79.34,,키즈카페,37.7239511101,126.7404518008,,목동동,,1054-3 힐링플러스빌딩 404호,경기도
파주시,맘쿠,413902,"경기도 파주시 문산읍 방촌로 1719, 302호 (센터프라자)",경기도 파주시 문산읍 당동리 899 센터프라자 302호,20130930,영업,,N,88.69,,키즈카페,37.8660639994,126.784357631,,문산읍,당동리,899 센터프라자 302호,경기도
파주시,살롱드 베베,413200,"경기도 파주시 경의로 1090, 삼융타워 409호 일부 (야당동)",경기도 파주시 야당동 1072-1 삼융타워,20211201,영업,,N,64.48,,키즈카페,37.7145309187,126.7600627227,,야당동,,1072-1 삼융타워,경기도
파주시,에듀퐁키키 키즈카페,413100,"경기도 파주시 와석순환로 133, 형성프라자 7층 701호 일부 (동패동)",경기도 파주시 동패동 1759 형성프라자 7층 701호 일부,20180409,영업,,N,95.3,,키즈카페,37.7121288369,126.7451220069,,동패동,,1759 형성프라자 7층 701호 일부,경기도
평택시,놀자 키즈카페,451-801,"경기도 평택시 팽성읍 동서촌로 54, 서은빌딩 2층",경기도 평택시 팽성읍 객사리 144-5 서은빌딩 ,2023-06-20,영업,,N,33.0,,키즈카페,36.9643606434,127.058088529,,팽성읍,객사리,144-5 서은빌딩,경기도
평택시,리틀치프 평택점,450-827,"경기도 평택시 평택로 51, AK플라자 10층 (평택동)",경기도 평택시 평택동 185-579 평택민자역사 ,2018-01-11,영업,,Y,148.0,,키즈카페,36.9919006082,127.0832927297,,평택동,,185-579 평택민자역사,경기도
평택시,큐리키즈카페,18017,"경기도 평택시 함박산2길 47, 하임스퀘어 5층 503호 (고덕동)",경기도 평택시 고덕동 2566-1 하임스퀘어 5층 503호 ,2023-06-22,영업,,N,36.32,,키즈카페,37.0429652095,127.0389887692,,고덕동,,2566-1 하임스퀘어 5층 503호,경기도
평택시,슬잼,450-150,"경기도 평택시 비전9길 32, 1층 (비전동)",경기도 평택시 비전동 1043-4 ,2018-10-10,폐업,2023-05-23,N,11.76,,키즈카페,37.0029451667,127.110409167,,비전동,,1043-4,경기도
평택시,노리파크,451822,"경기도 평택시 포승읍 여술1길 70, 3층",경기도 평택시 포승읍 도곡리 1121-3번지,20180427,영업,,N,85.2,,키즈카페,36.9885657311,126.8439819868,,포승읍,도곡리,1121-3번지,경기도
평택시,리틀비틀,17805,"경기도 평택시 청북읍 청북남로 260, 한샘쇼핑센터 2층 216,217,218호",경기도 평택시 청북읍 옥길리 1157-2번지,20180503,영업,,N,31.68,,키즈카페,37.0196774573,126.9153579001,,청북읍,옥길리,1157-2번지,경기도
평택시,팡팡키즈카페,451881,"경기도 평택시 안중읍 송담1로 98, 2층",경기도 평택시 안중읍 송담리 646,20190214,영업,,N,66.0,,키즈카페,36.978432598,126.9311450824,,안중읍,송담리,646,경기도
평택시,완두콩키즈카페,451885,"경기도 평택시 안중읍 안현로서8길 57, 붐붐프라자 216호",경기도 평택시 안중읍 현화리 831번지,20150521,폐업,20200421,N,95.53,,키즈카페,36.9789601868,126.9190964584,,안중읍,현화리,831번지,경기도
평택시,점핑고평택점,450150,"경기도 평택시 비전5로 20-24, 로데오1103더테라스1동 404호 (비전동)",경기도 평택시 비전동 1103-1번지,20190327,폐업,20190418,N,47.06,,키즈카페,36.9988829632,127.1141723936,,비전동,,1103-1번지,경기도
평택시,노랑버스키즈방방,17808,"경기도 평택시 청북읍 안청로 328, 2층 201호",경기도 평택시 청북읍 옥길리 1162-2번지 201호,20151221,폐업,20170725,Y,198.0,,키즈카페,37.0171925457,126.9159727298,,청북읍,옥길리,1162-2번지 201호,경기도
포천시,본초맘죽,487805,경기도 포천시 호병로1길 3 (신읍동),경기도 포천시 신읍동 114-8,20130426,영업,,N,52.01,,키즈카페,37.8953792309,127.1951958233,,신읍동,,114-8,경기도
포천시,키즈필키즈카페,487823,"경기도 포천시 소흘읍 송우로 75, 9층",경기도 포천시 소흘읍 송우리 729-3번지 9층,20150508,영업,,Y,316.22,,키즈카페,37.8297904095,127.1406250718,,소흘읍,송우리,729-3번지 9층,경기도
포천시,노리파크포천일동점,487851,"경기도 포천시 일동면 화동로 935, 해밀아브뉴 다동 1층",경기도 포천시 일동면 기산리 327-5번지,20181211,영업,,N,138.75,,키즈카페,37.947512396,127.3124856043,,일동면,기산리,327-5번지,경기도
포천시,점프노리,487823,"경기도 포천시 소흘읍 송우로 79, 삼화프라자 4층 401호, 402호",경기도 포천시 소흘읍 송우리 729-2 삼화프라자,20191107,폐업,20210513,Y,127.2,,키즈카페,37.8299244941,127.1402607857,,소흘읍,송우리,729-2 삼화프라자,경기도
포천시,꼬꼬마,487892,"경기도 포천시 영북면 영북로 168, 2층",경기도 포천시 영북면 운천리 340-3번지 2층,20141007,폐업,20191126,N,86.0,,키즈카페,38.0892552378,127.2751533479,,영북면,운천리,340-3번지 2층,경기도
포천시,점프노리,487823,"경기도 포천시 소흘읍 송우로 79, 4층 401,402호 (삼화프라자)","경기도 포천시 소흘읍 송우리 729-2번지 4층 삼화프라자 401,402호",20131121,폐업,20190724,Y,127.2,,키즈카페,37.8299244941,127.1402607857,,소흘읍,송우리,"729-2번지 4층 삼화프라자 401,402호",경기도
하남시,오즈빌리지 키즈파크 미사,465-150,"경기도 하남시 미사강변동로 100-1, 미사역 파라곤 스퀘어 2층 2056-1호 일부, 2057호 일부, 2058호 일부호 (망월동)",경기도 하남시 망월동 1125 미사역 파라곤 스퀘어 ,2025-01-24,영업,,Y,220.0,,키즈카페,37.5641109151,127.1939802632,,망월동,,1125 미사역 파라곤 스퀘어,경기도
하남시,뽀뽀뽀 지니아이,465-150,"경기도 하남시 미사강변동로 95, 힐스테이트 미사역 그랑파사쥬(12-1BL) B1096호 (망월동)",경기도 하남시 망월동 1100 힐스테이트 미사역 그랑파사쥬(12-1BL) ,2022-02-14,폐업,2023-12-01,Y,148.3,,키즈카페,37.5637265182,127.1917398667,,망월동,,1100 힐스테이트 미사역 그랑파사쥬(12-1BL),경기도
하남시,봉봉키즈 하남미사,465150,"경기도 하남시 미사강변대로226번길 9, 송하빌딩 404호 일부, 405호의 일부호 (망월동)",경기도 하남시 망월동 962-1 송하빌딩,20190611,영업,,N,96.77,,키즈카페,37.5699983838,127.1843307566,,망월동,,962-1 송하빌딩,경기도
하남시,째깍섬 키즈클래스 하남,465150,"경기도 하남시 미사강변한강로 135, 나동 2층 252의 일부호 (망월동)",경기도 하남시 망월동 834,20220413,영업,,N,44.29,,키즈카페,37.5765798448,127.1917548386,,망월동,,834,경기도
하남시,레인보우 스타,465831,"경기도 하남시 덕풍서로 70, 하남풍산지구 이마트 1층 일부호 (덕풍동)",경기도 하남시 덕풍동 736 하남풍산지구 이마트,20220930,영업,,Y,405.44,,키즈카페,37.5527737515,127.2053480453,,덕풍동,,736 하남풍산지구 이마트,경기도
하남시,해솔네트웍스,465150,"경기도 하남시 미사강변동로 73, 미사강변 노블레스 12층 1214~1218호 (망월동)",경기도 하남시 망월동 1117 미사강변 노블레스,20171116,영업,,Y,190.08,,키즈카페,37.5615485699,127.1930169878,,망월동,,1117 미사강변 노블레스,경기도
하남시,키다모 위례점,465240,"경기도 하남시 위례대로 200, 스타필드시티 위례점 2층 2111호 (학암동)",경기도 하남시 학암동 660 스타필드시티 위례점,20181213,폐업,20191013,Y,141.11,,키즈카페,37.4801127045,127.1484593147,,학암동,,660 스타필드시티 위례점,경기도
하남시,키즈필 키즈카페,465150,"경기도 하남시 미사강변대로 228, 7층 701호 (망월동, 메디프라자)",경기도 하남시 망월동 962-701 메디프라자,20161018,폐업,20221228,N,93.07,,키즈카페,37.5698893442,127.1840028206,,망월동,,962-701 메디프라자,경기도
하남시,리틀비틀,465150,"경기도 하남시 미사강변대로226번길 9, 4층 404,405호 (망월동, 송하빌딩)","경기도 하남시 망월동 962-1 4층 404,405호 송하빌딩",20170628,폐업,20220603,N,73.34,,키즈카페,37.5699983838,127.1843307566,,망월동,,"962-1 4층 404,405호 송하빌딩",경기도
하남시,릴리펏,465150,"경기도 하남시 미사강변대로 216, 3층 301, 302호 (망월동, 한강트윈프라자2)",경기도 하남시 망월동 968번지 한강트윈프라자2,20161214,폐업,20200413,Y,201.64,,키즈카페,37.5689713681,127.1845275967,,망월동,,968번지 한강트윈프라자2,경기도
화성시,오감그리다 안산새솔점,18244,"경기도 화성시 수노을중앙로 150, 더드림 604호 일부 (새솔동)",경기도 화성시 새솔동 76-11 더드림 604호 일부 ,2023-02-23,영업,,N,32.45,,키즈카페,37.2837611308,126.8189681457,,새솔동,,76-11 더드림 604호 일부,경기도
화성시,랄라키즈,18497,"경기도 화성시 동탄대로5길 15, 더샵 동탄센텀폴리스 1단지 그랑파사쥬 2층 2051호, 2052호의 일부호 (송동)",경기도 화성시 송동 725-4 더샵 동탄센텀폴리스 1단지 ,2023-10-12,영업,,Y,56.71,,키즈카페,37.1661035864,127.105146726,,송동,,725-4 더샵 동탄센텀폴리스 1단지,경기도
화성시,"오감, 그리다 동탄점",18490,"경기도 화성시 동탄신리천로 414, 5층 502호, 503호의 일부호 (목동)","경기도 화성시 목동 0 5층 502호, 503호의 일부호 ",2022-03-28,영업,,N,57.02,,키즈카페,37.1820205542,127.1239454012,,목동,,"0 5층 502호, 503호의 일부호",경기도
화성시,큐리키즈카페,18498,"경기도 화성시 동탄순환대로 22, 에프엠타워 2층 201호~204호의 일부호 (장지동)",경기도 화성시 장지동 912-8 에프엠타워 2층 201호~204호의 일부 ,2023-02-17,영업,,N,63.99,,키즈카페,37.1644863044,127.0960094119,,장지동,,912-8 에프엠타워 2층 201호~204호의 일부,경기도
화성시,세서미스트리트런앤플레이,445-150,"경기도 화성시 동탄역로 160, 동탄역 롯데캐슬 판매시설 지하2층 일부호 (오산동)",경기도 화성시 오산동 967-157 동탄역 롯데캐슬 판매시설 지하2층 일부호,2021-08-19,영업,,N,32.7,,키즈카페,37.200675377,127.0979238519,,오산동,,967-157 동탄역 롯데캐슬 판매시설 지하2층 일부호,경기도
화성시,핑크코끼리 동탄점,445-130,"경기도 화성시 동탄순환대로 692, ACEPLAZA 5층 503호 (영천동)",경기도 화성시 영천동 681-6 ACEPLAZA 503호,2019-08-23,폐업,2024-01-15,Y,142.53,,키즈카페,37.2067778484,127.1114148725,,영천동,,681-6 ACEPLAZA 503호,경기도
화성시,"오감,그리다",18244,"경기도 화성시 수노을중앙로 150, 더드림Ⅰ 6층 604호 (새솔동)",경기도 화성시 새솔동 76-11 ,2021-06-22,폐업,2023-02-23,N,32.45,,키즈카페,37.2837611308,126.8189681457,,새솔동,,76-11,경기도
화성시,프릴리 키즈카페,445150,"경기도 화성시 동탄신리천로 268, 베라프라자 5층 501호, 502호의 일부호 (오산동)","경기도 화성시 오산동 1040-1 5층 501호, 502호의 일부호",20211220,영업,,N,92.4,,키즈카페,37.1836267449,127.1077819106,,오산동,,"1040-1 5층 501호, 502호의 일부호",경기도
화성시,큐리키즈카페,18244,"경기도 화성시 꽃내음1길 19-26, 채울프라자 6층 일부 (새솔동)",경기도 화성시 새솔동 0,20190620,영업,,N,75.0,,키즈카페,37.2830285168,126.8185347998,,새솔동,,0,경기도
화성시,샤를롯데키즈카페,445851,"경기도 화성시 남양읍 시청로 64, 일영프라자 1동 4층 401호 일부호",경기도 화성시 남양읍 남양리 2294-8 일영프라자 1동 4층 401호 일부호,20211115,영업,,N,26.4,,키즈카페,37.203996528,126.8219843935,,남양읍,남양리,2294-8 일영프라자 1동 4층 401호 일부호,경기도
화성시,드로잉월,445390,"경기도 화성시 경기대로 1078-28, 1층 (진안동)",경기도 화성시 진안동 481-9,20140129,영업,,N,29.8,,키즈카페,37.2114263886,127.0332661913,,진안동,,481-9,경기도
화성시,키즈고점핑클럽,445938,"경기도 화성시 향남읍 상신하길로298번길 7-27, 향남 시티프라자 1동 7층 701호 일부호",경기도 화성시 향남읍 하길리 1470-5 향남 시티프라자 1동 7층 701호 일부호,20211126,영업,,N,11.79,,키즈카페,37.1146380407,126.9127263735,,향남읍,하길리,1470-5 향남 시티프라자 1동 7층 701호 일부호,경기도
화성시,리틀봉봉키즈카페,445851,"경기도 화성시 남양읍 역골동로 122, 3층 일부",경기도 화성시 남양읍 남양리 2230-6,20200309,영업,,Y,6.6,,키즈카페,37.2107365613,126.8310752849,,남양읍,남양리,2230-6,경기도
화성시,릴리펏동탄반송점,445160,"경기도 화성시 노작로1길 22, 1층 (반송동)",경기도 화성시 반송동 124-7 1층,20150528,폐업,20200401,N,171.9,,키즈카페,37.1961530556,127.0805163801,,반송동,,124-7 1층,경기도
화성시,슈슈봉봉 동탄점,445130,"경기도 화성시 동탄순환대로29길 60, 301일부호 (영천동, 강산프라자)",경기도 화성시 영천동 675-4 301일부호,20160726,폐업,20200423,Y,138.95,,키즈카페,37.2045246689,127.1087781716,,영천동,,675-4 301일부호,경기도
화성시,베베살롱,445150,"경기도 화성시 동탄대로 469-12, 판매시설동 2층 2006,2007호 (오산동, 동탄역 린스트라우스)","경기도 화성시 오산동 산 88-13 동탄역 린스트라우스 2층 2006, 2007호 판매시설동",20190604,폐업,20220120,Y,120.6,,키즈카페,37.1965518481,127.0967175125,,오산동,,"산 88-13 동탄역 린스트라우스 2층 2006, 2007호 판매시설동",경기도
화성시,베베가든,445160,"경기도 화성시 동탄지성로 94, 하나로오피스텔 2층 203~205호 (반송동)",경기도 화성시 반송동 42-5 하나로오피스텔 2층 203~205,20181002,폐업,20220805,Y,192.77,,키즈카페,37.2076880164,127.0646863447,,반송동,,42-5 하나로오피스텔 2층 203~205,경기도
화성시,디아망,445160,"경기도 화성시 동탄중심상가1길 33, 동탄미래도프라자 8층 801,802호의 일부호 (반송동)",경기도 화성시 반송동 104-3 동탄미래도프라자,20190917,폐업,20200929,N,70.0,,키즈카페,37.2011071785,127.0719473363,,반송동,,104-3 동탄미래도프라자,경기도
화성시,윙키즈,445150,"경기도 화성시 동탄대로 537, 라스플로레스 5층 507호 (오산동)",경기도 화성시 오산동 967-150 라스플로레스 507호,20180802,폐업,20220726,Y,121.0,,키즈카페,37.2022258061,127.0979268967,,오산동,,967-150 라스플로레스 507호,경기도
