법정동코드,주소,새주소-도로명,유무료,경도,위도,법정동명
10200,서울특별시 광진구 능동 257-25,천호대로122길,무료,127.087592,37.552029,능동
10200,서울특별시 광진구 능동 257-25,천호대로122길,무료,127.087252,37.551863,능동
10200,서울특별시 광진구 능동 257-25,천호대로122길,무료,127.087231,37.551871,능동
10200,서울특별시 광진구 능동 258-12,천호대로124길,무료,127.087153,37.551838,능동
10200,서울특별시 광진구 능동 258-5,천호대로124길,무료,127.086458,37.55158,능동
10200,서울특별시 광진구 능동 258-5,천호대로124길,무료,127.086027,37.55154,능동
10200,서울특별시 광진구 능동 258-19,천호대로124길,무료,127.086639,37.55163,능동
10200,서울특별시 광진구 능동 257-25,천호대로122길,무료,127.087377,37.551944,능동
10200,서울특별시 광진구 능동 258-19,천호대로124길,무료,127.086731,37.551669,능동
10200,서울특별시 광진구 능동 257-25,천호대로122길,무료,127.087285,37.551907,능동
10200,서울특별시 광진구 중곡동 244-31,천호대로118길,유료,127.084829,37.55336,능동
10200,서울특별시 광진구 능동 270-9,천호대로116길,유료,127.083886,37.554412,능동
10200,서울특별시 광진구 능동 237-1,천호대로590,유료,127.083007,37.555514,능동
10200,서울특별시 광진구 능동 237-5,천호대로600,유료,127.084189,37.554876,능동
10200,서울특별시 광진구 능동 258-5,천호대로124길,무료,127.086317,37.551552,능동
10200,서울특별시 광진구 능동 258-5,천호대로124길,무료,127.086392,37.552535,능동
10200,서울특별시 광진구 능동 270-10,능동로36길,유료,127.087751,37.553143,능동
10200,서울특별시 광진구 능동 270-10,능동로36길,유료,127.08763,37.553203,능동
10200,서울특별시 광진구 능동 270-10,능동로36길,유료,127.08753,37.553249,능동
10200,서울특별시 광진구 능동 270-10,능동로36길,유료,127.087409,37.553281,능동
10200,서울특별시 광진구 능동 270-10,능동로36길,유료,127.087167,37.553362,능동
10200,서울특별시 광진구 능동 270-10,능동로36길,유료,127.086807,37.553532,능동
10200,서울특별시 광진구 능동 270-10,능동로36길,유료,127.086802,37.553447,능동
10200,서울특별시 광진구 능동 270-7,능동로36길,유료,127.085509,37.554031,능동
10300,서울특별시 광진구 구의동 20-13,영화사로,무료,127.096003,37.554721,구의동
10300,서울특별시 광진구 구의동 28-47,자양로53길,무료,127.093397,37.554025,구의동
10300,서울특별시 광진구 구의동 29-21,자양로51길,무료,127.092478,37.553392,구의동
10300,서울특별시 광진구 구의동 22-34,영화사로16가길,무료,127.095176,37.553361,구의동
10300,서울특별시 광진구 구의동 22-34,영화사로16가길,무료,127.095193,37.553304,구의동
10300,서울특별시 광진구 구의동 23-21,영화사로16나길,무료,127.095496,37.553471,구의동
10300,서울특별시 광진구 구의동 23-19,영화사로16가길,무료,127.095371,37.553373,구의동
10300,서울특별시 광진구 구의동 131-1 (구두수선대 -08),자양로,유료,127.087376,37.545244,구의동
10300,서울특별시 광진구 자양동 616-16,뚝섬로49길,유료,127.086876,37.548437,구의동
10300,서울특별시 광진구 자양동 614-13,뚝섬로43길,유료,127.087855,37.54867,구의동
10300,서울특별시 광진구 자양동 615-27,뚝섬로,유료,127.087823,37.548611,구의동
10300,서울특별시 광진구 자양동 617-40,자양로13길,유료,127.086544,37.548611,구의동
10300,서울특별시 광진구 구의동 132-1,광나루로37길,유료,127.087376,37.545244,구의동
10100,서울특별시 광진구 중곡동 340-2,긴고랑로,유료,127.083528,37.561609,중곡동
10100,서울특별시 광진구 중곡동 150-214 우석빌라,긴고랑로,유료,127.086438,37.559982,중곡동
10100,서울특별시 광진구 중곡동 99-3 대순진리회성동회관,영화사로,유료,127.091513,37.556258,중곡동
10100,서울특별시 광진구 중곡동 39-40,긴고랑로,유료,127.084903,37.560919,중곡동
10100,서울특별시 광진구 중곡동 40-8,긴고랑로,유료,127.082607,37.562074,중곡동
10100,서울특별시 광진구 중곡동 39-40,긴고랑로,유료,127.083747,37.561636,중곡동
10100,서울특별시 광진구 중곡동 150-57,긴고랑로,유료,127.085875,37.560288,중곡동
10100,서울특별시 광진구 중곡동 150-212,긴고랑로,유료,127.086217,37.560103,중곡동
10100,서울특별시 광진구 중곡동 150-213,긴고랑로,유료,127.086308,37.560067,중곡동
10100,서울특별시 광진구 중곡동 38-18,긴고랑로,유료,127.08412,37.561431,중곡동
10100,서울특별시 광진구 중곡동 38-17,긴고랑로,유료,127.084244,37.561352,중곡동
10100,서울특별시 광진구 중곡동 125-1,긴고랑로,유료,127.086959,37.559698,중곡동
10100,서울특별시 광진구 중곡동 40-14 창원빌딩,능동로,유료,127.082494,37.562137,중곡동
10100,서울특별시 광진구 중곡동 39-51,긴고랑로,유료,127.083365,37.561855,중곡동
10100,서울특별시 광진구 중곡동 150-197,긴고랑로,유료,127.085211,37.560637,중곡동
10100,서울특별시 광진구 중곡동 340-2,긴고랑로,유료,127.083577,37.561724,중곡동
10100,서울특별시 광진구 중곡동 39-38,긴고랑로19길,유료,127.083851,37.561591,중곡동
10100,서울특별시 광진구 중곡동 38-32,긴고랑로,유료,127.084072,37.561449,중곡동
10100,서울특별시 광진구 중곡동 38-17,긴고랑로,유료,127.084324,37.561316,중곡동
10100,서울특별시 광진구 중곡동 83-23,영화사로,유료,127.090003,37.557284,중곡동
10100,서울특별시 광진구 중곡동 125-2,긴고랑로,유료,127.087143,37.559585,중곡동
10100,서울특별시 광진구 중곡동 51-1 금영빌딩,긴고랑로22길,유료,127.084104,37.560151,중곡동
10100,서울특별시 광진구 중곡동 83-6,영화사로,유료,127.089568,37.557629,중곡동
10100,서울특별시 광진구 중곡동 56-8 대산리버빌,긴고랑로,유료,127.085419,37.560614,중곡동
10100,서울특별시 광진구 중곡동 56-8 대산리버빌,긴고랑로,유료,127.085296,37.560689,중곡동
10100,서울특별시 광진구 중곡동 150-150,능동로48길,유료,127.086037,37.560301,중곡동
10100,서울특별시 광진구 중곡동 39-40,긴고랑로,유료,127.085502,37.560603,중곡동
10100,서울특별시 광진구 중곡동 39-40,긴고랑로,유료,127.085361,37.560661,중곡동
10100,서울특별시 광진구 중곡동 150-150,능동로48길,유료,127.0859,37.560358,중곡동
10100,서울특별시 광진구 중곡동 107-22,영화사로,유료,127.092641,37.555437,중곡동
10100,서울특별시 광진구 중곡동 107-41,영화사로,유료,127.092444,37.555523,중곡동
10100,서울특별시 광진구 중곡동 99-11,영화사로,유료,127.092089,37.555852,중곡동
10100,서울특별시 광진구 중곡동 88-37,영화사로,유료,127.090982,37.556634,중곡동
10100,서울특별시 광진구 중곡동 39-40,긴고랑로,유료,127.084665,37.561033,중곡동
10100,서울특별시 광진구 중곡동 39-40,긴고랑로,유료,127.08495,37.560871,중곡동
10100,서울특별시 광진구 중곡동 55-1,긴고랑로,유료,127.086535,37.559913,중곡동
10100,서울특별시 광진구 중곡동 55-1,긴고랑로,유료,127.086726,37.559829,중곡동
10100,서울특별시 광진구 중곡동 125-1,긴고랑로,유료,127.087061,37.559652,중곡동
10100,서울특별시 광진구 중곡동 107-22,영화사로,유료,127.092839,37.555293,중곡동
10100,서울특별시 광진구 중곡동 99-9 박빌딩,영화사로,유료,127.091968,37.555927,중곡동
10100,서울특별시 광진구 중곡동 150-214 우석빌라,긴고랑로,유료,127.086393,37.560015,중곡동
10100,서울특별시 광진구 중곡동 276-9,긴고랑로30길,유료,127.087112,37.557727,중곡동
10100,서울특별시 광진구 중곡동 127-5,천호대로123길,유료,127.086269,37.55912,중곡동
10100,서울특별시 광진구 중곡동 128-10,천호대로117길,유료,127.085425,37.558626,중곡동
10100,서울특별시 광진구 중곡동 53-1,천호대로113길,유료,127.084131,37.559102,중곡동
10100,서울특별시 광진구 중곡동 53-2,천호대로113길,유료,127.084115,37.559076,중곡동
10100,서울특별시 광진구 중곡동 267-4,동일로72길,유료,127.078666,37.566476,중곡동
10100,서울특별시 광진구 중곡동 190-30 경지아리움,긴고랑로1길,유료,127.079179,37.567551,중곡동
10100,서울특별시 광진구 중곡동 38-17,긴고랑로,유료,127.084188,37.561391,중곡동
10100,서울특별시 광진구 중곡동 39-51,긴고랑로,유료,127.083272,37.561933,중곡동
10100,서울특별시 광진구 중곡동 39-51,긴고랑로,유료,127.083146,37.562007,중곡동
10100,서울특별시 광진구 중곡동 39-51,긴고랑로,유료,127.083069,37.562055,중곡동
10100,서울특별시 광진구 중곡동 39-51,긴고랑로,유료,127.082885,37.562143,중곡동
10100,서울특별시 광진구 중곡동 39-51,긴고랑로,유료,127.082791,37.562195,중곡동
10100,서울특별시 광진구 중곡동 39-51,긴고랑로,유료,127.082709,37.562268,중곡동
10100,서울특별시 광진구 중곡동 39-51,긴고랑로,유료,127.082595,37.562319,중곡동
10100,서울특별시 광진구 중곡동 150-405,용마산로8가길,유료,127.088462,37.562414,중곡동
10100,서울특별시 광진구 중곡동 467-2,용마산로4길,유료,127.089483,37.556479,중곡동
10100,서울특별시 광진구 중곡동 107-22,영화사로,유료,127.092944,37.555219,중곡동
10100,서울특별시 광진구 중곡동 107-22,영화사로,유료,127.09305,37.555134,중곡동
10100,서울특별시 광진구 중곡동 107-22,영화사로,유료,127.092722,37.555388,중곡동
10100,서울특별시 광진구 중곡동 107-22,영화사로,유료,127.092781,37.555331,중곡동
10100,서울특별시 광진구 중곡동 107-41,영화사로,유료,127.092534,37.555488,중곡동
10100,서울특별시 광진구 중곡동 143-146,긴고랑로214,유료,127.096106,37.56226,중곡동
10100,서울특별시 광진구 중곡동 143-146,긴고랑로214,유료,127.096097,37.562154,중곡동
10100,서울특별시 광진구 중곡동 143-146,긴고랑로214,유료,127.096047,37.562069,중곡동
10100,서울특별시 광진구 중곡동 438-3,긴고랑로,유료,127.093989,37.559032,중곡동
10100,서울특별시 광진구 중곡동 437-6,긴고랑로,유료,127.094212,37.559206,중곡동
10100,서울특별시 광진구 중곡동 437-6,긴고랑로,유료,127.094253,37.559271,중곡동
10100,서울특별시 광진구 중곡동 437-6,긴고랑로,유료,127.094306,37.559331,중곡동
10100,서울특별시 광진구 중곡동 437-6,긴고랑로,유료,127.094359,37.559447,중곡동
10100,서울특별시 광진구 중곡동 440,영화사로,유료,127.091841,37.556012,중곡동
10100,서울특별시 광진구 중곡동 440,영화사로,유료,127.091905,37.555972,중곡동
10100,서울특별시 광진구 중곡동 440,영화사로,유료,127.091794,37.55696,중곡동
10100,서울특별시 광진구 중곡동 440,영화사로,유료,127.091658,37.556149,중곡동
10100,서울특별시 광진구 중곡동 440,영화사로,유료,127.091731,37.556093,중곡동
10100,서울특별시 광진구 중곡동 99-3 대순진리회성동회관,영화사로,유료,127.09099,37.556609,중곡동
10100,서울특별시 광진구 중곡동 99-3 대순진리회성동회관,영화사로,유료,127.091158,37.55651,중곡동
10100,서울특별시 광진구 중곡동 99-3 대순진리회성동회관,영화사로,유료,127.09235,37.557251,중곡동
10100,서울특별시 광진구 중곡동 99-3 대순진리회성동회관,영화사로,유료,127.092391,37.557313,중곡동
10100,서울특별시 광진구 중곡동 99-3 대순진리회성동회관,영화사로,유료,127.092278,37.557196,중곡동
10100,서울특별시 광진구 중곡동 83-6,영화사로,유료,127.089691,37.55757,중곡동
10100,서울특별시 광진구 중곡동 83-6,영화사로,유료,127.089734,37.557472,중곡동
10100,서울특별시 광진구 중곡동 83-6,영화사로,유료,127.089846,37.557434,중곡동
10100,서울특별시 광진구 중곡동 83-6,영화사로,유료,127.089927,37.557353,중곡동
10100,서울특별시 광진구 중곡동 83-23,영화사로,유료,127.09011,37.557212,중곡동
10100,서울특별시 광진구 중곡동 83-23,영화사로,유료,127.090196,37.557163,중곡동
10900,서울특별시 광진구 군자동 45-11,능동로29가길,무료,127.07754,37.555062,군자동
10900,서울특별시 광진구 군자동 1-11 비전빌딩,능동로,무료,127.077545,37.554409,군자동
10900,서울특별시 광진구 군자동 45-11,능동로29가길,무료,127.077381,37.554845,군자동
10900,서울특별시 광진구 군자동 45-11,능동로29가길,무료,127.077498,37.554939,군자동
10900,서울특별시 광진구 군자동 27-4 능동교회,능동로,무료,127.076916,37.553056,군자동
10900,서울특별시 광진구 군자동 1-11 비전빌딩,능동로,무료,127.077676,37.554448,군자동
10900,서울특별시 광진구 군자동 1-11 비전빌딩,능동로,무료,127.077621,37.554395,군자동
10900,서울특별시 광진구 군자동 1-11 비전빌딩,능동로,무료,127.077436,37.554826,군자동
10900,서울특별시 광진구 군자동 280,능동로21길,무료,127.074941,37.552432,군자동
10900,서울특별시 광진구 군자동 195-18,동일로56길,무료,127.072664,37.556371,군자동
10900,서울특별시 광진구 군자동 27-4 능동교회,능동로,무료,127.077156,37.553161,군자동
10900,서울특별시 광진구 군자동 27-4 능동교회,능동로,무료,127.076747,37.553067,군자동
10500,서울특별시 광진구 자양동 627-24 달성빌딩,자양로11길,무료,127.083745,37.53471,자양동
10500,서울특별시 광진구 자양동 578 자양4차우성아파트,자양번영로,유료,127.07625,37.535335,자양동
10500,서울특별시 광진구 자양동 609-1,뚝섬로43길,유료,127.091567,37.533725,자양동
10500,서울특별시 광진구 자양동 582-19,자양번영로3길,유료,127.082132,37.527702,자양동
10500,서울특별시 광진구 자양동 582-19,자양번영로3길,유료,127.082036,37.527698,자양동
10500,서울특별시 광진구 자양동 520-2 우성아파트,뚝섬로,유료,127.081966,37.527702,자양동
10500,서울특별시 광진구 자양동 520-2 우성아파트,뚝섬로,유료,127.081891,37.527711,자양동
10500,서울특별시 광진구 자양동 579 우성아파트,뚝섬로,유료,127.076014,37.534564,자양동
10500,서울특별시 광진구 자양동 579 우성아파트,뚝섬로,유료,127.075997,37.534541,자양동
10500,서울특별시 광진구 자양동 579 우성아파트,뚝섬로,유료,127.075872,37.534082,자양동
10300,서울특별시 광진구 구의동 596-5 광성빌딩,뚝섬로,유료,127.091611,37.534274,구의동
10500,서울특별시 광진구 자양동 611-2 대원캐슬3차,자양번영로,유료,127.0764,37.535393,자양동
10500,서울특별시 광진구 자양동 227-130,자양번영로11길,유료,127.076823,37.537198,자양동
10500,서울특별시 광진구 자양동 227-133,자양번영로,유료,127.076712,37.536854,자양동
10500,서울특별시 광진구 자양동 609-1,뚝섬로43길,유료,127.091565,37.533599,자양동
10500,서울특별시 광진구 자양동 653-26,뚝섬로57가길,유료,127.082013,37.532009,자양동
10500,서울특별시 광진구 자양동 609-1,뚝섬로43길,유료,127.091611,37.533351,자양동
10500,서울특별시 광진구 자양동 609-1,뚝섬로43길,유료,127.091619,37.533298,자양동
10500,서울특별시 광진구 자양동 460-8,뚝섬로38길,유료,127.081794,37.527719,자양동
10500,서울특별시 광진구 자양동 460-8,뚝섬로38길,유료,127.081714,37.527724,자양동
10500,서울특별시 광진구 자양동 582-19,자양번영로3길,유료,127.08165,37.527736,자양동
10500,서울특별시 광진구 자양동 787 삼성아파트,뚝섬로36가길,유료,127.081574,37.527736,자양동
10500,서울특별시 광진구 자양동 495-1,뚝섬로40길,유료,127.081489,37.527753,자양동
10500,서울특별시 광진구 자양동 495-6,뚝섬로40길,유료,127.081424,37.527753,자양동
10500,서울특별시 광진구 자양동 462-2,뚝섬로38길,유료,127.08276,37.527698,자양동
10500,서울특별시 광진구 자양동 580-5,자양번영로,유료,127.075852,37.533546,자양동
10500,서울특별시 광진구 자양동 580-5,자양번영로,유료,127.075795,37.533413,자양동
10500,서울특별시 광진구 자양동 609-1,뚝섬로43길,유료,127.091621,37.533195,자양동
10500,서울특별시 광진구 자양동 609-1,뚝섬로43길,유료,127.091628,37.533145,자양동
10500,서울특별시 광진구 자양동 609-1,뚝섬로43길,유료,127.091633,37.533075,자양동
10500,서울특별시 광진구 자양동 609-1,뚝섬로43길,유료,127.09163,37.532969,자양동
10500,서울특별시 광진구 자양동 609-1,뚝섬로43길,유료,127.091641,37.532939,자양동
10500,서울특별시 광진구 자양동 609-1,뚝섬로43길,유료,127.091627,37.532889,자양동
10500,서울특별시 광진구 자양동 609-1,뚝섬로43길,유료,127.091651,37.532851,자양동
10300,서울특별시 광진구 구의동 596-5 광성빌딩,뚝섬로,유료,127.091622,37.534201,구의동
10500,서울특별시 광진구 자양동 609-1,뚝섬로43길,유료,127.091642,37.532808,자양동
10500,서울특별시 광진구 자양동 609-1,뚝섬로43길,유료,127.091617,37.532683,자양동
10500,서울특별시 광진구 자양동 609-1,뚝섬로43길,유료,127.091676,37.532706,자양동
10500,서울특별시 광진구 자양동 582-2 송광아트빌라,자양번영로3길,유료,127.081344,37.527758,자양동
10500,서울특별시 광진구 자양동 794-9,자양번영로,유료,127.076931,37.537151,자양동
10500,서울특별시 광진구 자양동 794-8,자양번영로12길,유료,127.076953,37.537206,자양동
10500,서울특별시 광진구 자양동 794-2 자양교회,자양번영로,유료,127.076987,37.537365,자양동
10500,서울특별시 광진구 자양동 579 우성아파트,뚝섬로,유료,127.076043,37.534613,자양동
10500,서울특별시 광진구 자양동 227-40 Grace B/D,자양번영로,유료,127.076932,37.537522,자양동
10500,서울특별시 광진구 자양동 227-129,자양번영로11길,유료,127.07684,37.537235,자양동
10500,서울특별시 광진구 자양동 227-131,자양번영로,유료,127.076808,37.537143,자양동
10500,서울특별시 광진구 자양동 582-19,자양번영로3길,유료,127.081279,37.527749,자양동
10500,서울특별시 광진구 자양동 462-6,뚝섬로38길,유료,127.081199,37.527749,자양동
10500,서울특별시 광진구 자양동 520-2 우성아파트,뚝섬로,유료,127.081119,37.527749,자양동
10500,서울특별시 광진구 자양동 227-136,자양번영로,유료,127.076699,37.536769,자양동
10500,서울특별시 광진구 자양동 227-233,자양번영로,유료,127.076627,37.536591,자양동
10500,서울특별시 광진구 자양동 227-233,자양번영로,유료,127.076627,37.536591,자양동
10500,서울특별시 광진구 자양동 627-24 달성빌딩,자양로11길,무료,127.083955,37.534779,자양동
10500,서울특별시 광진구 자양동 794-9,자양번영로,유료,127.076928,37.537136,자양동
10500,서울특별시 광진구 자양동 794-2 자양교회,자양번영로,유료,127.077007,37.537419,자양동
10500,서울특별시 광진구 자양동 227-233,자양번영로,유료,127.076627,37.536591,자양동
10300,서울특별시 광진구 구의동 596-5 광성빌딩,뚝섬로,유료,127.091576,37.534129,구의동
10500,서울특별시 광진구 자양동 653-39,뚝섬로55길,무료,127.082312,37.531958,자양동
10500,서울특별시 광진구 자양동 803,자양번영로,유료,127.076618,37.536131,자양동
10500,서울특별시 광진구 자양동 804-1 지석빌딩,자양번영로,유료,127.076564,37.53594,자양동
10500,서울특별시 광진구 자양동 806-10,자양번영로,유료,127.076403,37.535433,자양동
10500,서울특별시 광진구 자양동 611-5,자양번영로,유료,127.076111,37.534458,자양동
10500,서울특별시 광진구 자양동 579 우성아파트,뚝섬로,유료,127.075963,37.533963,자양동
10500,서울특별시 광진구 자양동 227-262,자양번영로,유료,127.076445,37.535968,자양동
10500,서울특별시 광진구 자양동 227-262,자양번영로,유료,127.076445,37.535968,자양동
10500,서울특별시 광진구 자양동 227-262,자양번영로,유료,127.076445,37.535968,자양동
10500,서울특별시 광진구 자양동 227-283,자양번영로,유료,127.0763,37.535475,자양동
10500,서울특별시 광진구 자양동 578 자양우성4차아파트,자양번영로,유료,127.07625,37.535335,자양동
10500,서울특별시 광진구 자양동 578 자양우성4차아파트,자양번영로,유료,127.07625,37.535335,자양동
10500,서울특별시 광진구 자양동 578 자양우성4차아파트,자양번영로,유료,127.07625,37.535335,자양동
10500,서울특별시 광진구 자양동 227-324,자양번영로,유료,127.076266,37.535382,자양동
10500,서울특별시 광진구 자양동 520-2 우성아파트,뚝섬로,유료,127.081038,37.527762,자양동
10500,서울특별시 광진구 자양동 580-5,자양번영로,유료,127.075906,37.533764,자양동
10500,서울특별시 광진구 자양동 804,자양번영로,유료,127.076584,37.536034,자양동
10500,서울특별시 광진구 자양동 806,자양번영로,유료,127.076454,37.535566,자양동
10300,서울특별시 광진구 구의동 596-5 광성빌딩,뚝섬로,유료,127.091582,37.534102,구의동
10500,서울특별시 광진구 자양동 579 우성아파트,뚝섬로,유료,127.075872,37.534032,자양동
10500,서울특별시 광진구 자양동 586-1 현대맨션,자양번영로3길,유료,127.080984,37.527766,자양동
10500,서울특별시 광진구 자양동 586-1 현대맨션,자양번영로3길,유료,127.080915,37.527766,자양동
10500,서울특별시 광진구 자양동 579 우성아파트,뚝섬로,유료,127.075844,37.534014,자양동
10500,서울특별시 광진구 자양동 227-240,자양번영로,유료,127.07653,37.536233,자양동
10500,서울특별시 광진구 자양동 579 우성아파트,뚝섬로,유료,127.075963,37.534375,자양동
10500,서울특별시 광진구 자양동 586-16 정오연립,자양번영로3나길,유료,127.080845,37.527779,자양동
10500,서울특별시 광진구 자양동 227-128,자양번영로13길,유료,127.076858,37.537298,자양동
10500,서울특별시 광진구 자양동 227-40 Grace B/D,자양번영로,유료,127.076932,37.537522,자양동
10500,서울특별시 광진구 자양동 580-5,자양번영로,유료,127.075786,37.533711,자양동
10500,서울특별시 광진구 자양동 227-132,자양번영로11길,유료,127.076785,37.537083,자양동
10500,서울특별시 광진구 자양동 578 자양우성4차아파트,자양번영로,유료,127.07625,37.535335,자양동
10500,서울특별시 광진구 자양동 585-16 미주맨션,자양번영로3가길,유료,127.080781,37.527779,자양동
10500,서울특별시 광진구 자양2동 691-1,뚝섬로43길,유료,127.09175,37.531732,자양동
10500,서울특별시 광진구 자양동 806,자양번영로,유료,127.076428,37.535492,자양동
10300,서울특별시 광진구 구의동 596-5 광성빌딩,뚝섬로,유료,127.091566,37.533883,구의동
10500,서울특별시 광진구 자양동 579 우성아파트,뚝섬로,유료,127.075941,37.534348,자양동
10500,서울특별시 광진구 자양동 579 우성아파트,뚝섬로,유료,127.075963,37.534303,자양동
10500,서울특별시 광진구 자양동 579 우성아파트,뚝섬로,유료,127.075986,37.534445,자양동
10500,서울특별시 광진구 자양동 609-1,뚝섬로43길,유료,127.09175,37.53169,자양동
10500,서울특별시 광진구 자양동 609-1,뚝섬로43길,유료,127.091745,37.531638,자양동
10500,서울특별시 광진구 자양동 579 우성아파트,뚝섬로,유료,127.075932,37.533836,자양동
10500,서울특별시 광진구 자양동 609-1,뚝섬로43길,유료,127.091773,37.53159,자양동
10500,서울특별시 광진구 자양동 579 우성아파트,뚝섬로,유료,127.075997,37.534519,자양동
10500,서울특별시 광진구 자양동 789 자양8차현대홈타운,뚝섬로36길,유료,127.080743,37.527788,자양동
10500,서울특별시 광진구 자양동 609-1,뚝섬로43길,유료,127.09176,37.531526,자양동
10500,서울특별시 광진구 자양동 578 자양우성4차아파트,자양번영로,유료,127.07625,37.535335,자양동
10500,서울특별시 광진구 자양동 609-1,뚝섬로43길,유료,127.091781,37.531427,자양동
10500,서울특별시 광진구 자양동 609-1,뚝섬로43길,유료,127.09179,37.531338,자양동
10500,서울특별시 광진구 자양동 794-2 자양교회,자양번영로,유료,127.07705,37.537573,자양동
10500,서울특별시 광진구 자양동 609-1,뚝섬로43길,유료,127.09179,37.531309,자양동
10500,서울특별시 광진구 자양동 580-5,자양번영로,유료,127.075786,37.533711,자양동
10500,서울특별시 광진구 자양동 227-295,자양번영로,유료,127.076996,37.537796,자양동
10500,서울특별시 광진구 자양동 462-7,뚝섬로38길,유료,127.08268,37.527702,자양동
10500,서울특별시 광진구 자양동 609-1,뚝섬로43길,유료,127.091786,37.531276,자양동
10500,서울특별시 광진구 자양동 454-7,자양번영로5길,유료,127.080684,37.527788,자양동
10500,서울특별시 광진구 자양동 462-7,뚝섬로38길,유료,127.082594,37.527707,자양동
10500,서울특별시 광진구 자양동 227-137,자양번영로,유료,127.076668,37.536702,자양동
10500,서울특별시 광진구 자양동 609-1,뚝섬로43길,유료,127.091806,37.531231,자양동
10300,서울특별시 광진구 구의동 596-5 광성빌딩,뚝섬로,유료,127.091565,37.533974,구의동
10500,서울특별시 광진구 자양동 609-1,뚝섬로43길,유료,127.091789,37.531145,자양동
10500,서울특별시 광진구 자양동 580-5,자양번영로,유료,127.075786,37.533711,자양동
10500,서울특별시 광진구 자양동 227-141,자양번영로,유료,127.076666,37.536624,자양동
10500,서울특별시 광진구 자양동 806-9 space 66,자양번영로,유료,127.076414,37.535469,자양동
10500,서울특별시 광진구 자양동 580-5,자양번영로,유료,127.075821,37.533463,자양동
10500,서울특별시 광진구 자양동 579 우성아파트,뚝섬로,유료,127.076025,37.534113,자양동
10500,서울특별시 광진구 자양동 579 우성아파트,뚝섬로,유료,127.075833,37.533992,자양동
10500,서울특별시 광진구 자양동 579 우성아파트,뚝섬로,유료,127.075838,37.534023,자양동
10500,서울특별시 광진구 자양동 794-7,자양번영로12길,유료,127.076956,37.537221,자양동
10500,서울특별시 광진구 자양동 461-3,뚝섬로40길,유료,127.082513,37.527702,자양동
10500,서울특별시 광진구 자양동 579 우성아파트,뚝섬로,유료,127.075827,37.533942,자양동
10500,서울특별시 광진구 자양동 227-1,아차산로,유료,127.076922,37.537102,자양동
10300,서울특별시 광진구 구의동 596-5 광성빌딩,뚝섬로,유료,127.091566,37.533883,구의동
10500,서울특별시 광진구 자양동 578 자양우성4차아파트,자양번영로,유료,127.07625,37.535335,자양동
10300,서울특별시 광진구 구의동 596-5 광성빌딩,뚝섬로,유료,127.091566,37.533883,구의동
10500,서울특별시 광진구 자양동 5088 180-4,도로명주소없음,유료,127.061283,37.533805,자양동
10500,서울특별시 광진구 자양4동 816-97,도로명주소없음,유료,127.061313,37.533731,자양동
10500,서울특별시 광진구 자양4동 816-97,도로명주소없음,유료,127.06136,37.533666,자양동
10500,서울특별시 광진구 자양4동 816-97,도로명주소없음,유료,127.061407,37.533611,자양동
10500,서울특별시 광진구 자양4동 180-12,도로명주소없음,유료,127.061451,37.533558,자양동
10500,서울특별시 광진구 자양4동 161-6,도로명주소없음,유료,127.061498,37.533502,자양동
10500,서울특별시 광진구 자양4동 161-6,도로명주소없음,유료,127.061529,37.533453,자양동
10500,서울특별시 광진구 자양4동 161-6,도로명주소없음,유료,127.061562,37.533414,자양동
10500,서울특별시 광진구 자양4동 161-1,도로명주소없음,유료,127.061605,37.533368,자양동
10500,서울특별시 광진구 자양4동 161-1,도로명주소없음,유료,127.06164,37.53332,자양동
10500,서울특별시 광진구 자양동 712-3,도로명주소없음,유료,127.075891,37.534249,자양동
10500,서울특별시 광진구 자양2동 758,도로명주소없음,유료,127.082839,37.527717,자양동
10500,서울특별시 광진구 자양동 462-4,뚝섬로40길,유료,127.082427,37.52769,자양동
10500,서울특별시 광진구 자양동 789 자양8차현대홈타운,뚝섬로36길,유료,127.082331,37.527681,자양동
10500,서울특별시 광진구 자양동 581-3 성보빌딩,자양번영로,유료,127.082267,37.527698,자양동
10500,서울특별시 광진구 자양동 520-2 우성아파트,뚝섬로,유료,127.082197,37.527702,자양동
10500,서울특별시 광진구 자양동 806-9 space 66,자양번영로,유료,127.076424,37.535339,자양동
10500,서울특별시 광진구 자양동 227-1,아차산로,유료,127.076742,37.536322,자양동
10500,서울특별시 광진구 자양동 227-1,아차산로,유료,127.076764,37.536365,자양동
10100,서울특별시 광진구 중곡동 133-10,도로명주소없음,유료,127.084,37.556402,중곡동
10100,서울특별시 광진구 중곡동 143-70,용마산로8마길,유료,127.090848,37.561311,중곡동
10100,서울특별시 광진구 중곡동 87-14,영화사로5길,유료,127.091839,37.557057,중곡동
10100,서울특별시 광진구 중곡동 69-2,용마산로8길,유료,127.092091,37.55921,중곡동
10100,서울특별시 광진구 중곡동 684,동일로76가길,유료,127.079924,37.568681,중곡동
10100,서울특별시 광진구 중곡동 195-1,용마산로33길,유료,127.084697,37.569931,중곡동
10100,서울특별시 광진구 중곡동 599-6,용마산로34길,유료,127.088248,37.570184,중곡동
10100,서울특별시 광진구 중곡동 176-110,용마산로30길,유료,127.089369,37.568217,중곡동
10100,서울특별시 광진구 중곡동 72-61 긴고랑길공동주차장,긴고랑로45길,유료,127.095161,37.560814,중곡동
10100,서울특별시 광진구 중곡동 221-6,긴고랑로11길,유료,127.081991,37.563872,중곡동
10100,서울특별시 광진구 중곡동 626-11,긴고랑로8길,유료,127.076984,37.559764,중곡동
10100,서울특별시 광진구 중곡동 168-8 중곡문화체육센터,능동로,유료,127.08502,37.568026,중곡동
10100,서울특별시 광진구 중곡동 115-4,천호대로,유료,127.089477,37.553072,중곡동
10100,서울특별시 광진구 중곡동 125-5 국민은행중곡동지점,용마산로,유료,127.087328,37.559311,중곡동
10100,서울특별시 광진구 중곡동 637-8,도로명주소없음,무료,127.076261,37.558722,중곡동
10100,서울특별시 광진구 중곡동 235-18,긴고랑로1길,유료,127.077659,37.564978,중곡동
10200,서울특별시 광진구 능동 205 능동공영주차장,천호대로112길,유료,127.080258,37.554039,능동
10200,서울특별시 광진구 능동 377,능동로30길,유료,127.079597,37.55322,능동
10200,서울특별시 광진구 능동 247-3,천호대로,유료,127.086139,37.5542,능동
10200,서울특별시 광진구 능동 197-5,능동로24길,유료,127.080552,37.553303,능동
10300,서울특별시 광진구 구의동 6,도로명주소없음,유료,127.097339,37.55331,구의동
10300,서울특별시 광진구 구의동 598-1,구의강변로,유료,127.091341,37.533502,구의동
10300,서울특별시 광진구 구의동 243-78,자양로18길,유료,127.087892,37.538282,구의동
10300,서울특별시 광진구 구의동 230-7,자양로32길,유료,127.089037,37.544191,구의동
10300,서울특별시 광진구 구의동 72-8,천호대로136길,유료,127.09032,37.547887,구의동
10300,서울특별시 광진구 구의동 219-15 주차장,광나루로52길,유료,127.09139,37.539123,구의동
10300,서울특별시 광진구 구의동 252-109,자양로,유료,127.083728,37.538682,구의동
10300,서울특별시 광진구 구의동 30-9 구의2동 주택가 공동주차장,자양로,유료,127.092849,37.552971,구의동
10300,서울특별시 광진구 구의동 254-77,자양로25길,유료,127.083069,37.541522,구의동
10300,서울특별시 광진구 구의동 617-33 구의2동제2경로당,자양로37길,유료,127.085878,37.54749,구의동
10300,서울특별시 광진구 구의동 54-19,자양로43길,유료,127.090741,37.551173,구의동
10400,서울특별시 광진구 광장동 275-5,광장로7길 ,유료,127.105434,37.54862,광장동
10400,서울특별시 광진구 광장동 394-43,광장로,유료,127.101627,37.546419,광장동
10500,서울특별시 광진구 자양동 594,뚝섬로52길,유료,127.077664,37.529691,자양동
10500,서울특별시 광진구 자양동 5-5,동일로18길,유료,127.068253,37.538677,자양동
10500,서울특별시 광진구 자양동 680-29,뚝섬로,유료,127.086056,37.532908,자양동
10500,서울특별시 광진구 자양동 690-33 대승유료주차장,자양로2길,무료,127.087491,37.530436,자양동
10500,서울특별시 광진구 자양동 218-13,아차산로46길,유료,127.081048,37.536417,자양동
10500,서울특별시 광진구 자양동 631-18 자양전통시장 공영주차장,자양로13길,유료,127.081634,37.533763,자양동
10500,서울특별시 광진구 자양동 235-3 주차장,동일로4길,유료,127.061215,37.536557,자양동
10500,서울특별시 광진구 자양동 97-5,강변북로,유료,127.065129,37.531392,자양동
10500,서울특별시 광진구 자양동 435,도로명주소없음,유료,127.073786,37.527838,자양동
10500,서울특별시 광진구 자양동 199-6,뚝섬로22가길,유료,127.06217,37.535457,자양동
10500,서울특별시 광진구 자양동 10-2,아차산로28길,유료,127.066369,37.539942,자양동
10500,서울특별시 광진구 자양동 621-26,뚝섬로49길,유료,127.080517,37.53496,자양동
10500,서울특별시 광진구 자양동 613-29,뚝섬로45길,유료,127.078393,37.534097,자양동
10500,서울특별시 광진구 자양동 602 자양종합시장,자양번영로6길,유료,127.076106,37.531982,자양동
10500,서울특별시 광진구 자양동 97-5,강변북로,유료,127.066866,37.53082,자양동
10500,서울특별시 광진구 자양동 219-30,아차산로46가길,유료,127.082695,37.536474,자양동
10500,서울특별시 광진구 자양동 216-15,아차산로,유료,127.086519,37.536965,자양동
10500,서울특별시 광진구 자양동 7-6,아차산로,유료,127.069052,37.540292,자양동
10500,서울특별시 광진구 자양동 52-141,동일로4길,유료,127.064221,37.535746,자양동
10700,서울특별시 광진구 화양동 63-2 화양공영주차장,군자로,유료,127.071213,37.545288,화양동
10700,서울특별시 광진구 화양동 132-8,군자로,유료,127.070697,37.54635,화양동
10700,서울특별시 광진구 화양동 499-44,광나루로22나길,유료,127.075284,37.546175,화양동
10700,서울특별시 광진구 화양동 110-67,능동로17길,유료,127.071592,37.54626,화양동
10700,서울특별시 광진구 화양동 523-2,능동로16길,유료,127.076139,37.545201,화양동
10900,서울특별시 광진구 군자동 374-4 광진광장,광나루로,유료,127.073259,37.547695,군자동
10900,서울특별시 광진구 군자동 2-37,능동로27길,유료,127.076563,37.553993,군자동
10900,서울특별시 광진구 군자동 54-4,면목로4길,무료,127.075861,37.555515,군자동
10900,서울특별시 광진구 군자동 53-4,면목로,유료,127.075623,37.554876,군자동
10900,서울특별시 광진구 군자동 2-41,능동로27길,유료,127.076745,37.554104,군자동
